address,subject_city_province_zip,effective_date,municipality_district,site_dimensions,lot_size_sf,units_sq_ft,year_built,structure_type,roofing,effective_age,style,construction,remaining_economic_life,windows,basement,exterior_finish,basement_area,foundation_walls,flooring,plumbing_lines,heating,fuel_type,water_heater,cooling,room_count,num_beds,room_total,main_lvl_area,second_lvl_area,third_lvl_area,gla,subject_age,num_baths,condition,orderID,effective_date_clean,lot_size_clean,gla_clean,room_count_clean,bedrooms_clean,bathrooms_clean,property_type_clean,stories_clean
142-950 Oakview Ave Kingston ON K7M 6W8,"""Twin Oak Meadows""",Apr/11/2025,Kingston,Condo Common Property,,SqFt,1976,Townhouse,Asphalt Shingle,25,2 Storey,Wood Frame,50,Vinyl,Full/Finished,"Brick Veneer, Vinyl Siding",522,Concrete,"Hardwood, carpet, laminate, ceramic","Copper, PEX, ABS",Forced Air,Natural Gas,40 Gallon - Gas,Central Air,6.0,3,6.0,522,522.0,,1044,49,1:1,Average,4762597,2025-04-11,,1044.0,6.0,3.0,1.5,Townhouse,2 Storey
7180 207 HWY Halifax NS B0J2L0,"West Chezzetcook, NS B0J2L0",Apr/17/2025,Halifax Regional Municipality - West Chezzetcook,See Schedule A and or Plot Map,72745+/-SqFt,SqFt,2011,Detached,Asphalt Shingle,10,1.5 Storey,Log,50,Wood,Full/Finished,Log,1060,Poured Concrete,Carpet,"Copper, PEX, ABS",Radiant,Electric,80 +/- gl Electric,Ductless mini split,6.0,3,6.0,1060,440.0,,1500 SqFt,14+/-yrs,2:1,Average,4762739,2025-04-17,72745.0,1500.0,6.0,3.0,2.5,Detached,1.5 Storey
11 PAUL AVE Ayr ON N0B1E0,Ayr ON N0B1E0,May/01/2025,"Township of North Dumfries, Region of Waterloo",131' x 154',20174 SqFt,SqFt,1983,Detached,Asphalt/Fiberglass Shingle,15,2 Storey,Wood,65,PVC,Full/Part Finished,Brick/Siding,1660,Concrete,Laminate,"Copper, PEX, ABS",Forced Air,Natural Gas,Natural Gas,Central Air,9.0,4,9.0,1660,1340.0,,3000 SqFt,42,2:1,Average,4763065,2025-05-01,20174.0,3000.0,9.0,4.0,2.5,Detached,2 Storey
102 Stonewalk Dr Kemptville ON K0G 1J0,Kemptville ON K0G 1J0,Apr/15/2025,"North Grenville, Ontario",176.38 F x Irregular,1.25 Acres,Acres,2012 +/-,Detached,Asphalt/Fiberglass Shingle,10,Bungalow,Wood,60,Vinyl,Full/Finished,Brick Veneer/Vinyl Siding,1283,Poured concrete,Hardwood,"Copper, PEX, ABS",Forced Air,Natural Gas,Natural Gas,Central Air,5.0,2,5.0,,,,1283 SqFt,2012 +/-,3:0,Good,4763086,2025-04-15,54450.0,1283.0,5.0,2.0,3.0,Detached,Bungalow
407 105 Dunbrack St Halifax NS B3M3G7,Halifax NS B3M3G7,Apr/17/2025,Halifax Regional Municipality - Halifax,CONDO - N/A,,,1978,Condominium,Tar & Gravel,15,1 Storey,Steel,55,PVC,,Brick,,Concrete,Engineered Hardwood,"Copper, PEX, ABS",HWBB,Oil,Integrated with boiler,,6.0,3,6.0,1530,,,1530 SqFt,47+/-yrs,2:0,Average,4763087,2025-04-17,,1530.0,6.0,3.0,2.0,Condominium,1 Storey
40 Bellroyal Crt Cole Harbour NS B2V 2B4,Cole Harbour NS B2V 2B4,Apr/16/2025,"Halifax Regional Municipality - Cole Harbour, Dartmouth",See Schedule A and or Plot Map,6825 SqFt,SqFt,1985,Detached,Asphalt Shingle,12,4 Level Split,Wood,48,Vinyl,Part/FullFin'd+Crawl,"Brick, Siding",728,Poured Concrete,Carpet,"Copper, PEX, ABS",Electric Baseboard,Electric,Electric,,7.0,3,7.0,1074,672.0,,1746 SqFt,40+/-,2:1,Average,4764094,2025-04-16,6825.0,1746.0,7.0,3.0,2.5,Detached,Split Level
10 Crofton Rd Toronto ON M4G2B4,Toronto ON M4G2B4,Apr/16/2025,"City of Toronto, Region of Leaside (C11)",26.36' x 140.17',3694 SqFt,SqFt,1941,Semi Detached,Asphalt/Fiberglass Shingle,15,2 Storey,Concrete,45,PVC,Finished-wet bar,Brick Veneer/Vinyl Siding,722,Concrete,Hardwood,PEX/PVC,Forced Air,Natural Gas,Natural Gas,Central Air,6.0,2,6.0,722,880.0,,1602 SqFt,84,3:0,Average,4764103,2025-04-16,3694.0,1602.0,6.0,2.0,3.0,Semi Detached,2 Storey
11 Bermondsey Way Stittsville ON K2S2Y7,Stittsville ON K2S2Y7,Apr/14/2025,"Stittsville, City of Ottawa",42' x 84',3358 SqFt,SqFt,2021,Townhouse,asphalt shingle,2,2 Storey,Wood,78,PVC,Full/Unfinished,"brick, siding",575 +/-,poured concrete,"hardwood, ceramic, carpet","Copper, PEX, ABS",Forced Air,Natural Gas,Tankless/Instant,Central Air,7.0,3,7.0,,,,1751 SqFt,2021,2F 1H,Good,4761696,2025-04-14,3358.0,1751.0,7.0,3.0,2.5,Townhouse,2 Storey
306 11 SPRINGVALE AVE Halifax NS B3N0A3,Halifax NS B3N0A3,Apr/15/2025,Halifax Regional Municipality - Halifax,CONDO - NOT APPLICABLE,,SqFt,2006,Condominium,Tar & Gravel,10,1 Storey,Concrete,50,PVC,,"Brick/Stone, Stucco",,Concrete,Hardwood,"Copper, PEX, ABS",Hot Water/Steam Boiler,Oil,Integrated with boiler,Ductless mini split,6.0,2,6.0,1523,,,1523 SqFt,19,2:0,Good,4762154,2025-04-15,,1523.0,6.0,2.0,2.0,Condominium,1 Storey
229 SANDPIPER CRES Chestermere AB T1X0Y4,Chestermere AB T1X0Y4,Apr/14/2025,"Chestermere, AB / Kinniburg",14.30 m x 38.40 m,549 SqM,SqM,2019,Detached,Asphalt Shingle,6,2 Storey,Wood,59,Vinyl,Full/Unfinished,Siding and Stone,1135,Concrete,Hardwood,"Copper, PEX, ABS",Forced Air,Natural Gas,Natural Gas,Central Air,10.0,4,10.0,1135,1321.0,,2456 SqFt,2019,2:1,Good,4762330,2025-04-14,5909.436,2456.0,10.0,4.0,2.5,Detached,2 Storey
164 Redmonds Rd Seabright NS B3Z3C4,Seabright NS B3Z3C4,Apr/17/2025,Halifax Regional Municipality - Seabright,See Schedule A and or Plot Map,42495 SqFt,SqFt,2024,Detached,Metal,1,1.5 Storey,Wood,59,"Vinyl, Wood",Full/Part Finished,Siding,2137,Poured Concrete,Laminate,"Copper, PEX, ABS",2 ducted heat pumps and Radiant,Electric,Electric,Heat Pump,9.0,5,10.0,2371.63,960.91,,3332+/-SqFt,1,2:1,Excellent,4762406,2025-04-17,42495.0,3332.0,10.0,5.0,2.5,Detached,1.5 Storey
11 Bashir St Maple ON L6A3A3,Maple ON L6A3A3,Apr/14/2025,"Region of York, City of Vaughan",24.96' x 104.92',2619 SqFt,SqFt,2000,Semi Detached,Asphalt/Fiberglass Shingle,20,2 Storey,Wood,40,PVC,Finished-illegal apartment,Brick Veneer/Vinyl Siding,809,Concrete,Hardwood,Copper,Forced Air,Natural Gas,Natural Gas,Central Air,7.0,3,7.0,809,716.0,,1525 SqFt,25,3:1,Average,4761220,2025-04-14,2619.0,1525.0,7.0,3.0,3.5,Semi Detached,2 Storey
1368 Shore Dr Bedford NS B4A2E8,Bedford NS B4A2E8,Apr/15/2025,Halifax Regional Municipality - Bedford,Unknown,26700 SqFt,SqFt,1982,Detached,Asphalt Shingle,15,1 Storey,Wood,45,Wood,Full/Finished,Wood,1000+/-,Poured Concrete,Ceramic,"Copper, PEX, ABS",Geothermal,Ground Source,Electric,Heat Pump,9.0,4,10.0,2740,155.0,,2895 SqFt,43+/-yrs,2:2,Average,4761433,2025-04-15,26700.0,2895.0,10.0,4.0,3.0,Detached,1 Storey
5004 Fox Run Pl Kingston ON K7P0E4,Kingston ON K7P0E4,Apr/10/2025,Kingston,61.29' x Irregular,"5,663 SqFt",SqFt,2010,Detached,Asphalt Shingle,5,Bungalow,Wood Frame,60,Vinyl,Full/Unfinished,"Brick Veneer, Vinyl Siding","1,678",Poured Concrete,"Hardwood, ceramic, laminate, carpet, vinyl","Copper, PEX, ABS",Forced Air,Natural Gas,40 Gallon - Gas,Central Air,7.0,3,7.0,"1,678",,,"1,678 SqFt",15,2:0,Average,4761446,2025-04-10,5663.0,1678.0,7.0,3.0,2.0,Detached,Bungalow
201 Halfway Lake Dr Hammonds Plains NS B4B1M8,Hammonds Plains NS B4B1M8,Apr/10/2025,Halifax Regional Municipality - Hammonds Plains,See Schedule A and or Plot Map,33943+/-SqFt,SqFt,1982,Detached,Asphalt Shingle,12,2 Storey,Wood,48,Combination,Full/Finished,Hardboard/Fibre cement,819,Poured Concrete,Vinyl Plank,"Copper, PEX, ABS","Baseboard, Some Infloor",Electric,Electric,,8.0,4,9.0,950,1314.0,,2264 SqFt,43+/-yrs,2:1,Good,4759647,2025-04-10,33943.0,2264.0,9.0,4.0,2.5,Detached,2 Storey
5 Golflinks Dr Ottawa ON K2J 4X9,Ottawa ON K2J 4X9,Apr/09/2025,"Stonebridge, City of Ottawa",50.00 x 119.75,5987 SqFt,SqFt,2002,Detached,Asphalt/Fiberglass Shingle,10,2 strorey,Wood,60,Vinyl,Full/Finished,"Stone, siding",1200 +/-,poured concrete,"hardwood, ceramic, carpet",PEX/PVC,Forced Air,Natural Gas,Natural Gas,Central Air,8.0,3,9.0,,,,2530 SqFt,2002,3:1,Good,4759723,2025-04-09,5987.0,2530.0,9.0,3.0,3.5,Detached,2 Storey
3435 Vandorf Siderd Stouffville ON L4A4H5,Stouffville ON L4A4H5,Apr/14/2025,"Region of York, Town of Whitchurch-Stouffville",325.95' x IRR,10.057 Acres,Acres,1968,Detached,Metal,15,Bungalow Raised,Wood/Concrete,45,PVC,Full Finished/Walkout,Brick Veneer/Vinyl Siding,2149,Concrete,Hardwood,Copper/PVC,Geothermal,Propane,Propane,Central Air,7.0,4,7.0,2149,,,2149 SqFt,57,3:1,Average,4760530,2025-04-14,438082.92000000004,2149.0,7.0,4.0,3.5,Detached,Bungalow Raised
118 Colborne St Kingston ON K7K 1C9,Kingston ON K7K 1C9,Apr/10/2025,Kingston,24.66 x 84.03,1742 SqFt,SqFt,1890,Townhouse,Metal,20,2.5 Storey,Wood,50,Vinyl,Cellar,"Brick Veneer, Vinyl Siding",500,Stone,"hardwood, laminate",ABS/Copper/Pex,Forced Air,Natural Gas,40 Gallon - Gas,Central Air,8.0,4,8.0,770,770.0,300.0,1840 SqFt,135,1:0,Average,4760630,2025-04-10,1742.0,1840.0,8.0,4.0,1.0,Townhouse,2.5 Storey
92 Armcrest Dr Lower Sackville NS B4C3Z9,Lower Sackville NS B4C3Z9,Apr/15/2025,Halifax Regional Municipality - Lower Sackville,See Schedule A and or Plot Map,3250 SqFt,SqFt,1993,Detached,Metal,10,2 Storey,Wood,50,Vinyl,Full/Finished,Vinyl,677,Poured Concrete,Linoleum,"Copper, PEX, ABS",Electric Baseboard,Electric,Electric,Ductless mini split,6.0,3,6.0,677,677.0,,1354 SqFt,32,1:1,Average,4760651,2025-04-15,3250.0,1354.0,6.0,3.0,1.5,Detached,2 Storey
1083 Cornerstone St NE Calgary AB T3N1G5,Calgary AB T3N1G5,Apr/10/2025,"Calgary, AB / Cornerstone",13.25m x33.99m,377 SqM,SqM,2016,Detached,Asphalt,9,2 Storey,Wood,54,Vinyl,Full/Finished,Vinyl,800,Concrete,Vinyl,"Copper, PEX, ABS",Forced Air,Natural Gas,Natural Gas,,7.0,3,7.0,,,,1573.40 SqFt,2016,2F 1H,Good,4760900,2025-04-10,4058.028,1573.4,7.0,3.0,2.5,Detached,2 Storey
"504 37 St NW, Calgary, AB T2N 3B8, Canada","Calgary, Alberta, T2N 3B8",Mar/24/2025,"Calgary AB, Parkdale",See Plot Map,431 SqM,SqM,1952,Detached,Asphalt/Fiberglass Shingle,25,Bungalow,Wood,40,PVC,Full/Finished,Stucco,71,Concrete,Hardwood,"Copper, PEX, ABS",Forced Air,Natural Gas,Conventional,,4.0,2,4.0,78,,,78 SqM,1952,2F,Average,4742669,2025-03-24,4639.284,839.592,4.0,2.0,2.0,Detached,Bungalow
8915 20 Ave SW Edmonton AB T6X2C5,Edmonton AB T6X2C5,Apr/07/2025,"Edmonton, AB - Summerside",605,605 SqM,SqM,2018,Detached,Asphalt/Fiberglass Shingle,5,2 Storey,Wood,60,PVC,Full/Unfinished,Vinyl/Stone,1285,Concrete,"Engineered hardwood, tile, carpet",PVC/Copper,Forced Air,Natural Gas,Natural Gas,Central Air,8.0,4,8.0,1297,1677.0,,2974 SqFt,7,2 Full/1Half,Good,4752865,2025-04-07,6512.219999999999,2974.0,8.0,4.0,2.5,Detached,2 Storey
531 Des Genévriers Rue Orléans ON K4A0Z2,Orléans ON K4A0Z2,Apr/14/2025,"Avalon West, City of Ottawa",36.09 F x 99.74 F,3601 SqFt,SqFt,2016,Detached,Asphalt shingle,7,2 Storey,Wood,63,Vinyl,Full/Finished,"Brick, siding",978 +/-,Poured concrete,"Hardwood, carpet, tile","Copper, PEX, ABS",Forced Air,Natural Gas,Natural Gas,Central Air,8.0,4,8.0,,,,2956 SqFt,2016,3:1,Good,4755196,2025-04-14,3601.0,2956.0,8.0,4.0,3.5,Detached,2 Storey
2306-530 3 St SE Calgary AB T2G 2L8,Calgary AB T2G 2L8,Apr/07/2025,"Calgary, AB / East Village",Common Property,,,2024,High Rise Apartment,Asphalt/Fiberglass Shingle,1,1 Storey,Concrete,64,Aluminum Clad Vinyl,No Basement,Concrete,,Concrete,Ceramic,"Copper, PEX, ABS",Forced Air,Natural Gas,Common Property,Central Air,5.0,2,5.0,,,,1109 SqFt,2024,2F,Good,4756192,2025-04-07,,1109.0,5.0,2.0,2.0,Condominium,1 Storey
405 Allard Blvd SW Edmonton AB T6W3T3,Edmonton AB T6W3T3,Apr/04/2025,"Edmonton, AB - Allard",330,330 SqM,SqM,2017,Detached,Asphalt/Fiberglass Shingle,5,2 Storey,Wood,60,PVC,Full/Unfinished,Vinyl/Stone,802,Concrete,"Carpet, vinyl tile",PVC/Copper,Forced Air,Natural Gas,Natural Gas,,5.0,3,5.0,802,778.0,,1580 SqFt,8,2 Full/1Half,Good,4756320,2025-04-04,3552.12,1580.0,5.0,3.0,2.5,Detached,2 Storey
340 Axis Way Ottawa ON K1W 0J9,Ottawa ON K1W 0J9,Apr/08/2025,"Chapel Hill, City of Ottawa",20.34 x 91.86,1868 SqFt,SqFt,2016,Townhouse,Asphalt/Fiberglass Shingle,5,2 Storey,Wood,65,Vinyl,Full/Finished,Brick/Siding,650 +/-,poured concrete,"hardwood, carpet, laminate, ceramic","Copper, PEX, ABS",Forced Air,Natural Gas,Natural Gas,Central Air,6.0,3,6.0,,,,1587 SqFt,2016,3:1,Good,4756829,2025-04-08,1868.0,1587.0,6.0,3.0,3.5,Townhouse,2 Storey
824 9A ST NE Calgary AB T2E4L6,Calgary AB T2E4L6,Apr/07/2025,"Calgary AB, Renfrew",See Plot Map,626 SqM,SqM,1951,Detached,Asphalt,30,Bungalow,Wood,35,Wood,Full/Finished,Wood,83,Concrete,"hardwood, vinyl, tile, linoleum","Copper, PEX, ABS",Forced Air,Natural Gas,Conventional,,5.0,2,5.0,90,,,90 SqM,1951,2F,Average,4757939,2025-04-07,6738.263999999999,968.76,5.0,2.0,2.0,Detached,Bungalow
218 88 ARBOUR LAKE RD NW Calgary AB T3G0C2,Calgary AB T3G0C2,Apr/07/2025,"Calgary, AB / Arbour Lake",Common Property,,,2008,Low Rise Apartment,Asphalt,15,1 Storey,Wood,55,Vinyl,,Stucco,,Concrete,Carpet,"Copper, PEX, ABS",In-Floor,Natural Gas,Natural Gas,,5.0,2,5.0,1039,,,1039 SqFt,2008,2F,Good,4757966,2025-04-07,,1039.0,5.0,2.0,2.0,Condominium,1 Storey
2 Rockcliff Hts NW Calgary AB T3G0C7,Calgary AB T3G0C7,Apr/16/2025,"Calgary AB, Rocky Ridge",19.55 x 39.58,761 SqM,SqM,2013,Detached,Asphalt/Fiberglass Shingle,10,2 Storey,Wood,55,PVC,Full/Finished,Stucco/Stone,102,Concrete,Hardwood,"Copper, PEX, ABS",Forced Air,Natural Gas,Tankless/Instant,,9.0,4,9.0,111,150.0,,261 SqM,2013,3F 1H,Good,4758025,2025-04-16,8191.4039999999995,2809.404,9.0,4.0,3.5,Detached,2 Storey
"119 110 Auburn Meadows View SE Calgary, Alberta T3M 2M2","Calgary, AB, T3M 2M2",Apr/07/2025,"Calgary, AB / Auburn Bay",Condo Common Property,SqFt,SqFt,2017,Condominium,Asphalt/Fiberglass Shingle,8,one level,Wood,60,Vinyl,,"Siding, Stone",,poured concrete,vinyl plank,"Copper, PEX, ABS",Electric Baseboard,Baseboard,Tankless/Instant,,5.0,2,5.0,,,,789 SqFt,2017,2:0,Good,4758316,2025-04-07,,789.0,5.0,2.0,2.0,Condominium,1 Storey
3 Bayview Lane Queensland NS B0J1T0,Queensland NS B0J1T0,Apr/09/2025,Queensland,See Schedule A and or Plot Map,12600 SqFt,SqFt,2008,Detached,Asphalt Shingle,8,1 Storey,Wood,52,Vinyl,Full/Part Finished,Siding,1094,Poured Concrete,Ceramic,"Copper, PEX, ABS",Electric Baseboard,Electric,Electric,Ductless mini split,6.0,3,6.0,1094,,,1094 SqFt,17,2:0,Average,4758324,2025-04-09,12600.0,1094.0,6.0,3.0,2.0,Detached,1 Storey
915 140 SIMCOE ST Toronto ON M5H4E9,Toronto ON M5H4E9,Apr/08/2025,"City of Toronto, Region of Waterfront Communities (C01)",Condominium property-as per deed,N/A-CONDO LAND,SqFt,2004,High Rise Apartment,flat-tar/gravel,15,1 Storey,concrete/steel,35,thermopane,,"concrete block, brick",,concrete,Ceramic,"Copper, PEX, ABS",Forced Air,Natural Gas,Natural Gas,Central Air,6.0,2,6.0,1176,,,1176 SqFt,21,2:0,Average,4758529,2025-04-08,,1176.0,6.0,2.0,2.0,Condominium,1 Storey
"82 Morenz Terrace Ottawa, Ontario K2K 3H2","Ottawa, ON, K2K 3H2",Apr/08/2025,City of Ottawa,34' x 102',3253 SqFt,SqFt,2003,Townhouse,Asphalt/Fiberglass Shingle,10,Bungalow,Wood,65,PVC,Full/Finished,Brick Veneer/Vinyl Siding,1050±,Concrete,Hardwood,ABS,Forced Air,Natural Gas,Natural Gas,Central Air,5.0,1,5.0,,,,1334 SqFt,2003,3F,Average,4758615,2025-04-08,3253.0,1334.0,5.0,1.0,3.0,Townhouse,Bungalow
23 Macfarlane St Lake Echo NS B3E1M5,Lake Echo NS B3E1M5,Apr/09/2025,Halifax Regional Municipality - Lake Echo,See Plot Map,33661 SqFt,SqFt,2004,Detached,Asphalt Shingle,12,2 Storey,Wood,48,Vinyl,Full/Finished,Siding,1005,Poured Concrete,Ceramic,"Copper, PEX, ABS",Ducted heat pump & FHA Oil back up,Electric and Oil,Electric,Heat Pump,9.0,3,9.0,1005,1005.0,,2010 SqFt,21,2:1,Average,4758672,2025-04-09,33661.0,2010.0,9.0,3.0,2.5,Detached,2 Storey
5 Lewiston Rd NE Calgary AB T3P 2J3,Calgary AB T3P 2J3,Apr/07/2025,"Calgary AB, Livingston",See Plot Map,458 SqM,SqM,New,Detached,Asphalt,0,2 Storey,Wood,65,Vinyl,Full/Unfinished,Vinyl,0,Concrete,"vinyl, tile, carpet","Copper, PEX, ABS",Forced Air,Natural Gas,Conventional,,9.0,5,9.0,108,138.0,,246 SqM,New,4F,Excellent,4759024,2025-04-07,4929.911999999999,2647.944,9.0,5.0,4.0,Detached,2 Storey
70 Cliffview Lane Head of Jeddore NS B0J1P0,Head of Jeddore NS B0J1P0,Apr/11/2025,Halifax Regional Municipality - Head of Jeddore,See Schedule A and or Plot Map,37374 SqFt,SqFt,2004,Detached,Asphalt/Fiberglass Shingle,10,Bungalow Raised,Wood,50,PVC,Full/Finished,Vinyl,1232,Concrete,Laminate,PEX/PVC,Electric Baseboard,Electric,Electric,Ductless mini split,6.0,3,6.0,1400,,,1400 SqFt,21,2:0,Good,4759088,2025-04-11,37374.0,1400.0,6.0,3.0,2.0,Detached,Bungalow Raised
60 MILL LAKE RD Number 2 Simms Settlement NS B0J1T0,Simms Settlement NS B0J1T0,Apr/09/2025,LUNENBURG COUNTY - SIMMS SETTLEMENT,See Schedule A and or Plot Map,15936 SqFt,SqFt,1972,Detached,Asphalt Shingle,14,1 Storey,Wood,46,Vinyl,Full/Unfinished,Siding,864,Poured Concrete,Linoleum,"Copper, PEX, ABS",HOT WATER BASEBOARD,Oil,Electric,Ductless mini split,5.0,3,5.0,864,,,864 SqFt,53,1:0,Average,4759260,2025-04-09,15936.0,864.0,5.0,3.0,1.0,Detached,1 Storey
40 Tierney Dr Nepean ON K2J 4T3,Nepean ON K2J 4T3,Apr/08/2025,"Longfields, City of Ottawa",36.09 Ft x 86.94 Ft,3137 SqFt,SqFt,2000,Detached,Asphalt/Fiberglass Shingle,15,2 Storey,Wood,55,Vinyl,Full/Finished,"Brick, siding",800 +/-,Poured concrete,"hardwood, ceramic, carpet",OtherInput,Forced Air,Natural Gas,Natural Gas,Central Air,7.0,3,7.0,,,,1774 SqFt,2000 +/-,3:1,Average,4759498,2025-04-08,3137.0,1774.0,7.0,3.0,3.5,Detached,2 Storey
23 WALTON DR Halifax NS B3N1X6,Halifax NS B3N1X6,Apr/09/2025,Halifax Regional Municipality - Halifax,See Schedule A and or Plot Map,6300 SqFt,SqFt,1951,Detached,Asphalt Shingle,10,1.5 Storey,Wood,50,"Vinyl, Wood",Full/Unfinished,Siding,845+/-,Poured Concrete,Hardwood,"Copper, PEX, ABS",Hot Water Radiators,Oil,Integrated with boiler,,7.0,3,7.0,1217,578.0,,1795 SqFt,74,1:1,Average,4759512,2025-04-09,6300.0,1795.0,7.0,3.0,1.5,Detached,1.5 Storey
47 Pleasant St Dartmouth NS B2Y3P4,Dartmouth NS B2Y3P4,Apr/08/2025,Dartmouth,See Schedule A and or Plot Map,14375 SqFt,SqFt,1845,Duplex,Asphalt Shingle,15,2 Storey,Wood,45,Vinyl,Full/Unfinished,Siding,,Stone,Ceramic,"Copper, PEX, ABS",Radiators and baserboard,Natural Gas,Integrated with boiler,,15.0,5,15.0,1968,1169.0,,3137 SqFt,180,3:2,Good,4759561,2025-04-08,14375.0,3137.0,15.0,5.0,4.0,Duplex,2 Storey
10 Heritage Hills Dr Eastern Passage NS B3G1N5,Eastern Passage NS B3G1N5,Apr/08/2025,Eastern Passage,See Schedule A and or Plot Map,3500 SqFt,SqFt,1995,Semi Detached,Asphalt/Fiberglass Shingle,14,2 Storey,Wood,46,PVC,,Brick Veneer/Vinyl Siding,,Concrete,Laminate,"Copper, PEX, ABS",Electric Baseboard,Electric,Electric,,6.0,3,6.0,566,566.0,,1132 SqFt,30,1:1,Average,4759562,2025-04-08,3500.0,1132.0,6.0,3.0,1.5,Semi Detached,2 Storey
283 OSBORNE ST Halifax NS B3N3H1,Halifax NS B3N3H1,Apr/10/2025,Halifax Regional Municipality - Halifax,See Plot Map,14232 SqFt,SqFt,2003,Detached,Asphalt Shingle,14,2 Storey,Wood,46,"Wood, Vinyl",Full/Finished,Siding,894,Poured Concrete,Hardwood,"Copper, PEX, ABS",Hot Water/Steam Boiler,Oil,Electric,Ductless mini split,8.0,3,8.0,894,894.0,,1788 SqFt,22,1:1,Average,4759604,2025-04-10,14232.0,1788.0,8.0,3.0,1.5,Detached,2 Storey
54 Kingston Cres Dartmouth NS B3A2M2,Dartmouth NS B3A2M2,Apr/14/2025,Dartmouth,See Schedule A and or Plot Map,6000 SqFt,SqFt,1976,Detached,Asphalt Shingle,10,4 Level Split,Wood,50,Vinyl,Full/Finished,"Brick, Siding",1021,Poured Concrete,Ceramic,"Copper, PEX, ABS",Hot Water Baseboard,Natural Gas,Integrated with boiler,Ductless mini split,7.0,3,7.0,1021,616.0,,1637 SqFt,49+/-yrs,1:1,Average,4759846,2025-04-14,6000.0,1637.0,7.0,3.0,1.5,Detached,Split Level
2 Forsey St Ottawa ON K1N7X7,Ottawa ON K1N7X7,Apr/16/2025,"Lower Town, City of Ottawa",13.18 F x Irregular,911 SqFt,SqFt,1990 +/-,Townhouse,Tar & Gravel,20,3 Plus Stories,Wood,60,Vinyl,Full/Part Finished,Stucco,600 +/-,Poured concrete,Hardwood,"Copper, PEX, ABS",Forced Air,Natural Gas,Electric,Central Air,8.0,3,9.0,,,,1822 SqFt,1990 +/-,2:1,Average,4764028,2025-04-16,911.0,1822.0,9.0,3.0,2.5,Townhouse,3+ Storey
1004 Connery Ave Ottawa ON K1G2P1,Ottawa ON K1G2P1,Apr/23/2025,"Elmvale Acres, City of Ottawa",41.39 F x Irregular,8398 SqFt,SqFt,1961,Detached,asphalt shingle,30,Bungalow,Wood,40,Vinyl,Full/Finished,"stone, siding",1109,Concrete Block,"carpet, laminate, vinyl","Copper, PEX, ABS",Forced Air,Natural Gas,Electric,,6.0,3,6.0,1109,,,1109 SqFt,1961,1:0,Average,4766326,2025-04-23,8398.0,1109.0,6.0,3.0,1.0,Detached,Bungalow
96 Forestside Cres Halifax NS B3M1M4,Halifax NS B3M1M4,Apr/23/2025,Halifax Regional Municipality - Clayton Park,Condo n/a,,SqFt,1970,Condominium,"Tar & Gravel, Membrane",15,2 Storey,Wood,55,Vinyl,Full/Part Finished,"Brick, Siding",693,Poured Concrete,Ceramic,"Copper, PEX, ABS",Heat Pump - Fully Ducted,Electric,Electric,Heat Pump,6.0,3,6.0,693,693.0,,1386 SqFt,1970,1:1,Average,4766430,2025-04-23,,1386.0,6.0,3.0,1.5,Condominium,2 Storey
1606-730 2 Ave SW Calgary AB T2P 1R8,Calgary AB T2P 1R8,Apr/21/2025,"Calgary, AB / Eau Claire",Common Property,,,2024,High Rise Apartment,Tar/Gravel,New,1 Storey,Concrete,65,Vinyl,No basement,Concrete / Metal,,Concrete,Vinyl,"Copper, PEX, ABS",Forced Air,Natural Gas,Natural Gas,Central Air,4.0,1,4.0,522,,,522 SqFt,2024,1F,Good,4767066,2025-04-21,,522.0,4.0,1.0,1.0,Condominium,1 Storey
45 Clonfadda Terr Nepean ON K2J 6E9,Nepean ON K2J 6E9,Apr/21/2025,"Half Moon Bay, City of Ottawa",41.31' x Irr,3253 SqFt,SqFt,2017,Detached,Asphalt/Fiberglass Shingle,5,2 Storey,Wood Frame,65,Vinyl,Full/Finished,"Brick veneer, vinyl siding",700 +/-,Poured Concrete,"hardwood, ceramic, carpet, vinyl plank","Copper, PEX, ABS",Forced Air,Natural Gas,Tankless/Instant,Central Air,6.0,3,6.0,,,,1607 SqFt,2017,3:1,Average,4768014,2025-04-21,3253.0,1607.0,6.0,3.0,3.5,Detached,2 Storey
31 YOUNG ST Welland ON L3B4C5,Welland ON L3B4C5,Apr/21/2025,"City of Welland, Regional Municipality of Niagara",47.5' x 135.83',6452 SqFt,SqFt,1910,Duplex,Asphalt shingles,30,2 Storey,Wood frame,40,Vinyl / Aluminum,Part/Unfinished,"Stucco, Wood siding",1261,Stone,"Laminate, Ceramic tile, Hardwood","Copper, PEX, ABS",Forced Air,Natural Gas,Natural Gas,Central Air,12.0,7,12.0,1494,1261.0,,2755 SqFt,1910,2:0,Average,4768037,2025-04-21,6452.0,2755.0,12.0,7.0,2.0,Duplex,2 Storey
60 Keystone Trail Welland ON L3B0N8,Welland ON L3B0N8,Apr/17/2025,"City of Welland, Regional Municipality of Niagara",n/a condo,SqFt,SqFt,2025,Townhouse,Asphalt shingles,0,2 Storey,Wood frame,70,Vinyl,Full/Unfinished,"Stucco, Brick, Stone",694,Poured concrete,Vinyl plank,"Copper, PEX, ABS",Forced Air,Natural Gas,Tankless/Instant,Central Air,8.0,4,8.0,694,940.0,,1634 SqFt,New,2:1,Good,4763606,2025-04-17,,1634.0,8.0,4.0,2.5,Townhouse,2 Storey
70 Joffre St Dartmouth NS B2Y3C9,Dartmouth NS B2Y3C9,Apr/23/2025,Halifax Regional Municipality - Dartmouth,See Schedule A and or Plot Map,7541 SqFt,SqFt,1940,Detached,Asphalt Shingle,15,1.5 Storey,Wood,45,"Vinyl, Wood, Aluminum Clad Wood",Full/Unfinished,Vinyl/Aluminum,735,Concrete,Hardwood,"Copper, PEX, ABS",Forced Air,Oil,Oil Fired Hot Water Heater,Ductless mini split,6.0,2,6.0,845,325.0,,1170 SqFt,85,1:1,Average,4763898,2025-04-23,7541.0,1170.0,6.0,2.0,1.5,Detached,1.5 Storey
844 Cataraqui Woods Dr Kingston ON K7P2P7,Kingston ON K7P2P7,Apr/22/2025,Kingston,101.7' x 68.9',"7,007 SqFt",SqFt,1989,Detached,Asphalt Shingle,15,Split Level,Wood,60,Vinyl,Part / Finished,"Brick veneer, vinyl siding",536,Concrete,"Hardwood, ceramic, laminate","Copper, PEX, ABS",Forced Air,Natural Gas,Natural Gas,Central Air,7.0,3+1,7.0,1188,652.0,,"1,840 SqFt",36,2:1,Average,4765154,2025-04-22,7007.0,1840.0,7.0,4.0,2.5,Detached,Split Level
6997 Creek Line Pain Court ON N0P1Z0,Pain Court ON N0P1Z0,Apr/22/2025,Chatham-Kent (Dover Township),75 x irregular,10570 SqFt,SqFt,1885,Detached,Asphalt/Fiberglass Shingle,30,1.5 Storey,Wood,70,PVC,Driveway,Vinyl/Aluminum,,Concrete,Laminate,PVC and Pex (Not kitec),Forced Air,Natural Gas,Natural Gas,Central Air,7.0,4,8.0,1102,743.0,,1845 SqFt,140,1:1,Average,4765502,2025-04-22,10570.0,1845.0,8.0,4.0,1.5,Detached,1.5 Storey
1753 Reginald Bart Dr Kingston ON K7K0E9,Kingston ON K7K0E9,Apr/16/2025,Pittsburgh Township,35.10' x 104.99',"3,685 SqFt",SqFt,2013,Detached,Asphalt Shingle,10,2 Storey,Wood Frame,60,Vinyl,Full/Finished,"Vinyl siding, Stone Veneer",887,Poured Concrete,"Hardwood, ceramic, carpet, laminate","Copper, PEX, ABS",Forced Air,Natural Gas,Tankless/Instant,Central Air,6.0,3,6.0,858,630.0,,1488 SqFt,12,3:1,Average,4765899,2025-04-16,3685.0,1488.0,6.0,3.0,3.5,Detached,2 Storey
190 RIDEAU ST Kingston ON K7K3A3,Kingston ON K7K3A3,Apr/24/2025,Kingston,52' x 132',"6,864 SqFt",SqFt,1900,Triplex,Asphalt Shingle,30,2 Storey,Wood Frame,60,Vinyl,Cellar,Brick Veneer,960,Stone,"Hardwood, ceramic, laminate, carpet","Copper, PEX, ABS",Radiant,Natural Gas,Natural Gas,,12.0,3,12.0,1171,960.0,,2131 SqFt,125,3:1,Average,4765948,2025-04-24,6864.0,2131.0,12.0,3.0,3.5,Triplex,2 Storey
194 Calvington Ave Ottawa ON K2T0H9,Ottawa ON K2T0H9,Apr/23/2025,"Kanata Lakes, City of Ottawa",29.46 F x 98.42 F,2899 SqFt,SqFt,2016 +/-,Townhouse,Asphalt/Fiberglass Shingle,5,2 Storey,Wood,65,Vinyl,Full/Finished,Brick Veneer/Vinyl Siding,650 +/-,Poured concrete,Hardwood,"Copper, PEX, ABS",Forced Air,Natural Gas,Natural Gas,Central Air,6.0,3,6.0,,,,1504 SqFt,2016 +/-,2:1,Good,4768126,2025-04-23,2899.0,1504.0,6.0,3.0,2.5,Townhouse,2 Storey
710 Montrichard Rd Orléans ON K4A5R3,Ottawa ON K4A5R3,Apr/24/2025,"Notting Gate, City of Ottawa",33.27x Irr,2780 SqFt,SqFt,2025,Townhouse,Asphalt Shingle,new,2 Storey,Wood,70,Vinyl,Full/Finished,"Brick, Siding",700,Poured Concrete,Ceramic,"Copper, PEX, ABS",Forced Air,Natural Gas,Natural Gas,Central Air,7.0,4,7.0,,,,1643 SqFt,2025,2:1,Good,4768528,2025-04-24,2780.0,1643.0,7.0,4.0,2.5,Townhouse,2 Storey
5551 Sentinal Sq Halifax NS B3K4A8,Halifax NS B3K4A8,Apr/29/2025,Halifax,Condominium Property,,SqFt,1974,Condominium,"Membrane, Asphalt Shingle",15,2 Storey,Concrete Foundation & Floors,55,Vinyl,Full/Part Finished,Brick,382,Concrete,Laminate,"Copper, PEX, ABS",Electric Baseboard,Electric,Electric,,6.0,3,6.0,580,656.0,,1236 SqFt,51,2,Average,4769110,2025-04-29,,1236.0,6.0,3.0,2.0,Condominium,2 Storey
84339 Kent Line Brussels ON N0G1H0,Brussels ON N0G1H0,Apr/23/2025,"Township of Huron East, Region of Huron Perth",101.39' x 527',1.22  Acres,Acres,2022,Detached,Asphalt/Fiberglass Shingle,3,Bungalow,Wood,77,PVC,Full/Finished,Vinyl,1700,Concrete,Carpet,"Copper, PEX, ABS",Forced Air,Propane,Electric,Central Air,6.0,2,6.0,1700,,,1700 SqFt,2022,2:0,Average,4769269,2025-04-23,53143.2,1700.0,6.0,2.0,2.0,Detached,Bungalow
224 Blackhorse Dr Kemptville ON K0G 1J0,Kemptville ON K0G 1J0,Apr/30/2025,"Kemptville, ON",72.7 x Irregular,7059 SqFt,SqFt,2021 +/-,Detached,Asphalt/Fiberglass Shingle,4,Bungalow,Wood,66,OtherInput,Full/Finished,"stone, stucco, siding",1992,Poured Concrete,"hardwood, ceramic",OtherInput,Forced Air,forced air gas,Natural Gas,Central Air,7.0,3,8.0,1992,,,1992 SqFt,2021 +/-,3:0,Good,4770115,2025-04-30,7059.0,1992.0,8.0,3.0,3.0,Detached,Bungalow
174 South St Gananoque ON K7G1A2,Gananoque ON K7G1A2,Apr/30/2025,Gananoque,54' x 120',6480 SqFt,SqFt,1900,Detached,Asphalt Shingle,20,2 Storey,Wood Frame,60,Vinyl,Cellar,Vinyl Siding,952,Stone,"Hardwood, ceramic","Copper, PEX, ABS",Forced Air,Natural Gas,Natural Gas,Central Air,8.0,3,8.0,1290,952.0,,2242 SqFt,125,2:1,Average,4770310,2025-04-30,6480.0,2242.0,8.0,3.0,2.5,Detached,2 Storey
401 540 Talbot Pl Gananoque ON K7G3C6,Gananoque ON K7G3C6,Apr/25/2025,Gananoque,N/A Condominium,N/A Condominium,SqFt,1990,Condominium,Asphalt Shingle,15,1 Storey,Wood,60,Vinyl,Condo Common,Brick,0,Poured Concrete,Laminate,"Copper, PEX, ABS",Electric Baseboard,Electric,Electric,,5.0,2,5.0,758,,,758 SqFt,35,1:0,Average,4771097,2025-04-25,,758.0,5.0,2.0,1.0,Condominium,1 Storey
120 CASTLEGROVE RD NE Calgary AB T3J1T5,Calgary AB T3J1T5,Apr/28/2025,"Calgary, AB / Castleridge",13.72m x 29.87m,416 SqM,SqM,2015,Detached,Asphalt Shingle,10,2 Storey,Wood,55,Vinyl,Full/Finished,Stucco,1000,Poured Concrete,Carpet,"Copper, PEX, ABS",Forced Air,Natural Gas,Natural Gas,,9.0,5,9.0,,,,2231.68 SqFt,2015,3F,Good,4771029,2025-04-28,4477.824,2231.68,9.0,5.0,3.0,Detached,2 Storey
53 Lucas Place NW Calgary AB T3P2E2,Calgary AB T3P2E2,Apr/28/2025,"Calgary, AB / Livingston",7.72m x 33.0m,255 SqM,SqM,2024,Detached,Asphalt Shingle,1,3 Storey,Wood,64,Vinyl,Full/Unfinished,"Siding, Stone",850,Poured Concrete,Vinyl,"Copper, PEX, ABS",Forced Air,Natural Gas,Tankless/Instant,,8.0,4,8.0,,,,2115 SqFt,2024,3F 1H,Good,4771641,2025-04-28,2744.8199999999997,2115.0,8.0,4.0,3.5,Detached,3 Storey
323 TARACOVE ESTATE DR NE Calgary AB T3J5A1,Calgary AB T3J5A1,Apr/30/2025,"Calgary, AB / Taradale",10.36m x 31.99m,332 SqM,SqM,2004,Detached,Asphalt,15,Bi-Level,Wood,50,PVC,Full/Finished,Vinyl,1000,Concrete,Vinyl,"Copper, PEX, ABS",Forced Air,Natural Gas,Natural Gas,,6.0,3,6.0,1149,,,1149 SqFt,2004,2F,Good,4772017,2025-04-30,3573.6479999999997,1149.0,6.0,3.0,2.0,Detached,Bi-Level
9449 Hidden Valley Dr NW Calgary AB T3A5T1,Calgary AB T3A5T1,Apr/25/2025,"Calgary, AB / Hidden Valley",11.71 m x 32.56 m,381 SqM,SqM,1998,Detached,Asphalt Shingle,15,2 Storey,Wood,50,Vinyl,"Full, Walkout",Siding,543,Poured Concrete,"carpet, linoleum, hardwood, laminate, ceramic,","Copper, PEX, ABS",Forced Air,Natural Gas,50 US Gallons,Central Air,8.0,3,8.0,579,793.0,,1372 SqFt,1998,1:1,Good,4772152,2025-04-25,4101.084,1372.0,8.0,3.0,1.5,Detached,2 Storey
84 Carleton Pl Brampton ON L6T3Z4,Brampton ON L6T3Z4,Apr/30/2025,"Region of Peel, City of Brampton",Condominium property-as per deed,n/a-condo land,SqFt,1975,Townhouse,Asphalt/Fiberglass Shingle,20,2 Storey,Wood,40,PVC,Full/Finished,Brick Veneer/Vinyl Siding,567,Concrete,Hardwood,Copper,Forced Air,Natural Gas,Natural Gas,Central Air,6.0,3,6.0,567,611.0,,1178 SqFt,50,1:1,Average,4775892,2025-04-30,,1178.0,6.0,3.0,1.5,Townhouse,2 Storey
299 Everoak Dr SW Calgary AB T2Y0A5,Calgary AB T2Y0A5,Apr/30/2025,"Calgary, AB / Evergreen",9.7 m x 35.5 m,344 SqM,SqM,2007,Detached,Asphalt Shingle,10,2 Storey,Wood,55,Vinyl,Full/Finished,"Stone, Stucco",1269,Poured Concrete,"carpet, ceramic, hardwood,","Copper, PEX, ABS",Forced Air,Natural Gas,Natural Gas,Central Air,9.0,3,9.0,1269,934.0,,2203 SqFt,2007,2:1,Excellent,4776066,2025-04-30,3702.816,2203.0,9.0,3.0,2.5,Detached,2 Storey
52 Pyle Rd Lowbanks ON N0A1K0,Lowbanks ON N0A1K0,May/02/2025,"Community of Lowbanks, Regional Municipality of Haldimand",176.54 F x Irregular,0.5ac,SqFt,1950,Detached,Asphalt shingles,25,1 Storey,Wood frame,45,Vinyl,"Part basement, Crawlspace",Vinyl siding,750,Concrete,"Laminate, Linoleum",Copper/Abs,Forced Air,Natural Gas,Natural Gas,Central Air,6.0,2,6.0,1675,,,1675 SqFt,1950,1:1,Average,4773295,2025-05-02,21780.0,1675.0,6.0,2.0,1.5,Detached,1 Storey
12 Mcdougall St NW Langdon AB T0J1X2,Langdon AB T0J1X2,Apr/30/2025,"Langdon, AB",18.70m x 50.0m,931 SqM,SqM,2003,Detached,Asphalt Shingle,15,2 Storey,Wood,50,Vinyl,Full/Finished,"Stone, Siding",800,Poured Concrete,Vinyl,"Copper, PEX, ABS",Forced Air,Natural Gas,Natural Gas,Central Air,7.0,3,7.0,,,,1952 SqFt,2003,2F 1H,Good,4775247,2025-04-30,10021.284,1952.0,7.0,3.0,2.5,Detached,2 Storey
44041 Hendershot Rd Lowbanks ON N0A1K0,Lowbanks ON N0A1K0,May/02/2025,"Community of Lowbanks, Regional Municipality of Haldimand County",5 Acres,5 Acres,Acres,1988,Detached,Rubber shingle,25,Split Level,Wood frame,45,Vinyl,Part/Full Finished,"Brick, Vinyl siding",1695,Poured concrete,"Vinyl plank, Hardwood, Ceramic tile, Carpet","Copper, PEX, ABS","Forced air, Radiant in-floor heating",Natural Gas,Natural Gas,Central Air,8.0,4,8.0,479,2294.0,,2773 SqFt,1988,2:1,Average,4773534,2025-05-02,217800.0,2773.0,8.0,4.0,2.5,Detached,Split Level
4315 CONCESSION RD 4 N/A S Amherstburg ON N9V2Y8,Amherstburg ON N9V2Y8,Apr/30/2025,10 - 15 (Amherstburg - Malden Centre),138 x 167,23046 SqFt,SqFt,1885,Detached,Asphalt/Fiberglass Shingle,40,2 Storey,Wood,60,PVC,Full/Unfinished,Stone,1152,Concrete,Ceramic,Copper,Forced Air,Natural Gas,Hot Water Tank,Central Air,9.0,4,10.0,1152,1152.0,,2304 SqFt,140,2:0,Fair,4773833,2025-04-30,23046.0,2304.0,10.0,4.0,2.0,Detached,2 Storey
576 Chesham Pl Kingston ON K7M5T5,Kingston ON K7M5T5,May/01/2025,Kingston,60.51' x 142.74' - Irregular,"10,014 SqFt",SqFt,1972,Detached,Asphalt Shingle,15,1 Storey,Wood Frame,60,Vinyl,Full/Finished,"Brick Veneer, Vinyl Siding",1050,Poured Concrete,"Hardwood, laminate, ceramic, carpet","Copper, PEX, ABS",Forced Air,Natural Gas,Natural Gas,Central Air,5.0,2+2,5.0,1050,,,1050 SqFt,53,2:0,Average,4776648,2025-05-01,10014.0,1050.0,5.0,4.0,2.0,Detached,1 Storey
260 Boulder Creek Cres Langdon AB T0J 1X3,Langdon AB T0J 1X3,May/01/2025,"Langdon, AB / Boulder Creek",21.90 m x 40.08 m,878 SqM,SqM,2015,Detached,Asphalt/Fiberglass Shingle,5,2 Storey,Concrete,60,Vinyl,Full Finished/Walkout,Vinyl siding and stone,620,Concrete,Hardwood,Mixed,Forced Air,Natural Gas,Natural Gas,Central Air,9.0,3,9.0,953,1108.0,,2061 SqFt,10,3:1,Good,4777578,2025-05-01,9450.792,2061.0,9.0,3.0,3.5,Detached,2 Storey
29 Timberline Crt SW Calgary AB T3H6C8,Calgary AB T3H6C8,May/02/2025,"Calgary, AB / Springbank Hill",10.36m x 30.08m,699 SqM,SqM,2022,Detached,Asphalt,New,2 Storey,Wood,65,Vinyl,Full Finished/Walkout,Brick / Composite,1500,Concrete,Hardwood,"Copper, PEX, ABS",Forced Air,Natural Gas,Natural Gas,Central Air,8.0,3,8.0,,,,3543.10 SqFt,2022,3F 1H,Good,4776534,2025-05-02,7524.035999999999,3543.1,8.0,3.0,3.5,Detached,2 Storey
58 Copperleaf Terr SE Calgary AB T2Z0H9,Calgary AB T2Z0H9,May/02/2025,City of Calgary/Copperfield,15.03 m x 35.00 m,4768 SqFt,SqFt,2008,Detached,Asphalt Shingle,10,2 Storey,Wood,55,Vinyl,Full/Finished,Vinyl Siding,950+/-,Concrete,"Carpet, tile and hardwood","Copper, PEX, ABS",Forced Air,Natural Gas,Natural Gas,,7.0,3,7.0,1060,1292.0,,2352 SqFt,17,3:1,Good,4776574,2025-05-02,4768.0,2352.0,7.0,3.0,3.5,Detached,2 Storey
32 Hilborn St Grand Valley ON L9W6V1,Grand Valley ON L9W6V1,May/01/2025,,45.28 X 108.60,4919 sqft,,,,,,2 Storey,,,,Full/Unfinished,,,,,,,,,,,,,,,,2385 SqFt,4,,Good,4777828,2025-05-01,4919.0,2385.0,,,,,2 Storey
1633 27 AVE SW Calgary AB T2T1G7,Calgary AB T2T1G7,May/06/2025,"Calgary, AB  South Calgary",15.23m x 38.07m,580 SqM,SqM,1971,Fourplex,Asphalt/Fiberglass Shingle,30,Bi-Level,Wood,35,Vinyl,Full/Finished,Brick / Stucco,186,Concrete,Vinyl plank,Mixed,Forced Air for each unit,Natural Gas,Water heater for each unit,,12.0,8,12.0,,,,186 SqM,1981,4F,Average,4778535,2025-05-06,6243.12,2002.1039999999998,12.0,8.0,4.0,Fourplex,Bi-Level
3666 Douglas Woods Hts SE Calgary AB T2Z2G4,Calgary AB T2Z2G4,May/06/2025,City of Calgary/Douglasdale/Glen,44.0Ft x 131.0Ft,5791 SqFt,SqFt,1992,Detached,Asphalt Shingle,10,Bungalow,Wood,55,Vinyl,Full/Finished,Vinyl Siding,857,Concrete,"Hardwood, tile, carpet, linoleum",Mixed,Forced Air,Natural Gas,Natural Gas,Central Air,5.0,2,5.0,1290,,,1290 SqFt,33,3:0,Good,4778557,2025-05-06,5791.0,1290.0,5.0,2.0,3.0,Detached,Bungalow
81 Eastforest Trail Kitchener ON N2N3M3,Kitchener ON N2N3M3,May/06/2025,"City of Kitchener, Region of Waterloo",31.53' x 115',3625 SqFt,SqFt,1999,Detached,Asphalt/Fiberglass Shingle,8,2 Storey,Wood,72,PVC,Full/Finished,Brick Veneer/Vinyl Siding,621,Concrete,Laminate,"Copper, PEX, ABS",Forced Air,Natural Gas,Natural Gas,Central Air,6.0,3,6.0,621,830.0,,1451 SqFt,26,1:1,Average,4779669,2025-05-06,3625.0,1451.0,6.0,3.0,1.5,Detached,2 Storey
603 223 PRINCESS ST Kingston ON K7L0G8,Kingston ON K7L0G8,May/05/2025,City of Greater Kingston,Condo Common Property,,SqFt,New,Condominium,Tar and Gravel,1,1 Storey,Concrete,70+,Vinyl,,Stone/Brick Veneer,0,Concrete,"Laminate, ceramic","Copper, PEX, ABS",Forced Air,Natural Gas,Natural Gas,Central Air,5.0,2,5.0,678,,,678 SqFt,New,2:0,Good,4778791,2025-05-05,,678.0,5.0,2.0,2.0,Condominium,1 Storey
501 223 PRINCESS ST Kingston ON K7L0G8,Kingston ON K7L0G8,May/05/2025,City of Kingston,Condo Common Property,na,SqFt,New,Condominium,Tar and Gravel,1,1 Storey,Concrete,70,Vinyl,,Stone/Brick Veneer,0,Concrete,"Laminate, ceramic","Copper, PEX, ABS",Forced Air,Natural Gas,Natural Gas,Central Air,5.0,2,5.0,665,,,665 sf,New,2:0,Good,4778794,2025-05-05,,665.0,5.0,2.0,2.0,Condominium,1 Storey
718 223 PRINCESS ST Kingston ON K7L0G8,Kingston ON K7L0G8,May/05/2025,City of Greater Kingston,Condo Common Property,,SqFt,New,Condominium,Tar and Gravel,1,1 Storey,Concrete,70+,Vinyl,,Stone/Brick Veneer,0,Concrete,"Laminate, ceramic","Copper, PEX, ABS",Forced Air,Natural Gas,Natural Gas,Central Air,5.0,1,5.0,584,,,584 sf,New,1:0,Good,4778797,2025-05-05,,584.0,5.0,1.0,1.0,Condominium,1 Storey
184 Sandpiper Cir NW Calgary AB T3K3P4,Calgary AB T3K3P4,May/05/2025,"Calgary, AB / Sandstone Valley",10.05m x 45.23m,759 SqM,SqM,1988,Detached,Asphalt/Fiberglass Shingle,15,4 Level Split,Wood,50,PVC,Full/Finished,Stucco,1000,Concrete,Vinyl,"Copper, PEX, ABS",Forced Air,Natural Gas,Natural Gas,,7.0,3,7.0,1045.37,701.43,,1746.79 SqFt,1988,2F 1H,Good,4778326,2025-05-05,8169.875999999999,1746.79,7.0,3.0,2.5,Detached,Split Level
160 Marquis Pl SE Airdrie AB T4A1Y7,Airdrie AB T4A1Y7,Apr/09/2025,"Airdrie, AB / Meadowbrook",14.32m x 37.80m,541 SqM,SqM,1979,Detached,Asphalt,25,4 Level Split,Wood,35,Vinyl,Part Finished/Walkout,Vinyl,1000,Concrete,Linoleum,"Copper, PEX, ABS",Forced Air,Natural Gas,Natural Gas,,6.0,3,6.0,,,,1144 SqFt,1979,1F 1H,Average,4758996,2025-04-09,5823.324,1144.0,6.0,3.0,1.5,Detached,Split Level
1841 Fisk Rd Odessa ON K0H2H0,Odessa ON K0H2H0,Apr/30/2025,"Loyalist Township, County of Lennox and Addington",830' x Irregular,10 Acres,Acres,1900,Detached,Metal,20,2 Storey,Wood Frame,50,Vinyl,Cellar,Vinyl Siding,800,Stone/Concrete Block,"Hardwood, vinyl, ceramic, laminate","Copper, PEX, ABS",Forced Air,Oil,Electric,Central Air,10.0,5,10.0,1517,621.0,,"2,138 SqFt",125,2:0,Average,4775785,2025-04-30,435600.0,2138.0,10.0,5.0,2.0,Detached,2 Storey
64232 COUNTY RD 3 East Garafraxa ON L9W7J4,East Garafraxa ON L9W7J4,May/02/2025,"Township of East Garafraxa, County of Dufferin",223.32' x 1966.85',10 Acres,Acres,1977,Detached,Asphalt Shingle,15,Bungalow,Wood,65,Vinyl,Full/Unfinished,Brick,1850,Concrete,"hardwood, ceramic, vinyl,","Copper, PEX, ABS","heat pump, electric, baseboard",Electric,Propane,Heat Pump,10.0,5,10.0,2250,,,2250 SqFt,48,3:0,Average,4775292,2025-05-02,435600.0,2250.0,10.0,5.0,3.0,Detached,Bungalow
1050 John F. Scott Rd Kingston ON K7L4V3,Kingston ON K7L4V3,Feb/13/2025,Kingston,1531.45' x Irregular,14 Acres,Acres,1920,Detached,Metal,40,2 Storey,Wood Frame,40,Vinyl,Cellar,Stucco,627,Stone,"Hardwood, laminate","Copper, PEX, ABS",Forced Air,Propane,Electric,Central Air,7.0,3,7.0,627,627.0,,1254 SqFt,105,1:1,Average,4723364,2025-02-13,609840.0,1254.0,7.0,3.0,1.5,Detached,2 Storey
