Order ID,Subject Address,Subject GLA,Subject Lot Size,Subject Bedrooms,Subject Bathrooms,Subject Property Type,Subject Stories,Effective Date,Comp Rank,Match Score,Candidate Address,Candidate GLA,Candidate Lot Size,Candidate Bedrooms,Candidate Bathrooms,Candidate Property Type,Candidate Stories,Sale Date,GLA Difference,Lot Size Difference,Bedroom Difference,Bathroom Difference,Same Property Type,Same Storey Type,Recent Sale (90 days),Recent Sale (180 days),Property Match Score,Size Similarity
4762597,N/A,1044.0,,3.0,1.5,Townhouse,2 Storey,2025-04-11,1,0.4%,N/A,1100.0,,3.0,1.0,Condominium,2 Storey,2025-02-05,56 (5.1%),nan (nan%),0.0,0.5,0,1,1,1,0.60,0.64
4762597,N/A,1044.0,,3.0,1.5,Townhouse,2 Storey,2025-04-11,2,0.3%,N/A,1750.0,,3.0,0.0,Townhouse,2 Storey,2025-05-06,706 (40.3%),nan (nan%),0.0,1.5,1,1,1,1,1.00,0.12
4762597,N/A,1044.0,,3.0,1.5,Townhouse,2 Storey,2025-04-11,3,0.3%,N/A,1100.0,,3.0,0.0,Condominium,2 Storey,2025-02-05,56 (5.1%),nan (nan%),0.0,1.5,0,1,1,1,0.60,0.64
4762739,N/A,1500.0,72745.0,3.0,2.5,Detached,1.5 Storey,2025-04-17,1,34.8%,N/A,1100.0,21446.0,3.0,2.0,Detached,2 Storey,2024-12-13,400 (36.3%),51299 (239.2%),0.0,0.5,1,0,0,1,0.40,0.20
4762739,N/A,1500.0,72745.0,3.0,2.5,Detached,1.5 Storey,2025-04-17,2,31.3%,N/A,1026.0,43560.0,3.0,1.5,Detached,Bungalow,2024-11-01,474 (46.2%),29185 (67.0%),0.0,1.0,1,0,0,1,0.40,0.17
4762739,N/A,1500.0,72745.0,3.0,2.5,Detached,1.5 Storey,2025-04-17,3,28.1%,N/A,1136.0,65340.0,2.0,2.0,Detached,Bungalow,2024-10-30,364 (32.0%),7405 (11.3%),1.0,0.5,1,0,0,1,0.40,0.22
4763065,N/A,3000.0,20174.0,4.0,2.5,Detached,2 Storey,2025-05-01,1,86.5%,N/A,2801.0,4000.0,4.0,3.5,Detached,2 Storey,2024-12-03,199 (7.1%),16174 (404.2%),0.0,1.0,1,1,0,1,0.70,0.33
4763065,N/A,3000.0,20174.0,4.0,2.5,Detached,2 Storey,2025-05-01,2,74.5%,N/A,3420.0,5733.0,4.0,3.5,Detached,2 Storey,2025-02-21,420 (12.3%),14441 (251.8%),0.0,1.0,1,1,1,1,1.00,0.19
4763065,N/A,3000.0,20174.0,4.0,2.5,Detached,2 Storey,2025-05-01,3,51.8%,N/A,2600.0,3978.0,4.0,3.5,Detached,2 Storey,2025-03-24,400 (15.4%),16196 (407.0%),0.0,1.0,1,1,1,1,1.00,0.20
4763086,N/A,1283.0,54450.0,2.0,3.0,Detached,Bungalow,2025-04-15,1,69.6%,N/A,1750.0,386097.0,3.0,3.0,Detached,Bungalow,2025-03-07,467 (26.7%),331647 (85.9%),1.0,0.0,1,1,1,1,1.00,0.18
4763086,N/A,1283.0,54450.0,2.0,3.0,Detached,Bungalow,2025-04-15,2,39.7%,N/A,1975.0,3100.0,3.0,3.0,Detached,2 Storey,2025-01-21,692 (35.0%),51350 (1655.9%),1.0,0.0,1,0,1,1,0.70,0.13
4763086,N/A,1283.0,54450.0,2.0,3.0,Detached,Bungalow,2025-04-15,3,26.7%,N/A,2142.0,3300.0,4.0,4.0,Detached,2 Storey,2025-01-27,859 (40.1%),51150 (1549.5%),2.0,1.0,1,0,1,1,0.70,0.10
4763087,N/A,1530.0,,3.0,2.0,Condominium,1 Storey,2025-04-17,1,77.2%,N/A,1553.0,,2.0,2.0,Condominium,1 Storey,2025-02-18,23 (1.5%),nan (nan%),1.0,0.0,1,1,1,1,1.00,0.81
4763087,N/A,1530.0,,3.0,2.0,Condominium,1 Storey,2025-04-17,2,53.5%,N/A,1582.0,,3.0,2.0,Condominium,1 Storey,2025-05-13,52 (3.3%),nan (nan%),0.0,0.0,1,1,1,1,1.00,0.66
4763087,N/A,1530.0,,3.0,2.0,Condominium,1 Storey,2025-04-17,3,12.3%,N/A,1510.0,,2.0,2.0,Condominium,,2025-05-09,20 (1.3%),nan (nan%),1.0,0.0,1,1,1,1,nan,0.83
4764094,N/A,1746.0,6825.0,3.0,2.5,Detached,Split Level,2025-04-16,1,26.7%,N/A,1916.0,16865.0,4.0,3.0,Detached,Split Level,2025-04-02,170 (8.9%),10040 (59.5%),1.0,0.5,1,1,1,1,1.00,0.37
4764094,N/A,1746.0,6825.0,3.0,2.5,Detached,Split Level,2025-04-16,2,12.1%,N/A,1092.0,7165.0,4.0,3.0,Detached,Split Level,2025-03-10,654 (59.8%),340 (4.7%),1.0,0.5,1,1,1,1,1.00,0.13
4764094,N/A,1746.0,6825.0,3.0,2.5,Detached,Split Level,2025-04-16,3,10.1%,N/A,1418.0,10209.0,4.0,3.0,Detached,Split Level,2025-03-04,328 (23.1%),3384 (33.1%),1.0,0.5,1,1,1,1,1.00,0.23
4764103,N/A,1602.0,3694.0,2.0,3.0,Semi Detached,2 Storey,2025-04-16,1,27.8%,N/A,1561.0,3872.0,3.0,0.0,Detached,2 Storey,2025-02-27,41 (2.6%),178 (4.6%),1.0,3.0,0,1,1,1,0.60,0.71
4764103,N/A,1602.0,3694.0,2.0,3.0,Semi Detached,2 Storey,2025-04-16,2,12.4%,N/A,1481.0,4048.0,3.0,0.0,Detached,2 Storey,2025-03-03,121 (8.2%),354 (8.7%),1.0,3.0,0,1,1,1,0.60,0.45
4764103,N/A,1602.0,3694.0,2.0,3.0,Semi Detached,2 Storey,2025-04-16,3,9.4%,N/A,2750.0,4000.0,5.0,0.0,Detached,2 Storey,2025-03-24,1148 (41.7%),306 (7.6%),3.0,3.0,0,1,1,1,0.60,0.08
4761696,N/A,1751.0,3358.0,3.0,2.5,Townhouse,2 Storey,2025-04-14,1,44.4%,N/A,1726.0,3267.0,3.0,0.0,Semi Detached,2 Storey,2025-01-16,25 (1.4%),91 (2.8%),0.0,2.5,0,1,1,1,0.60,0.80
4761696,N/A,1751.0,3358.0,3.0,2.5,Townhouse,2 Storey,2025-04-14,2,21.0%,N/A,1696.0,1960.0,3.0,3.0,Townhouse,2 Storey,2025-02-10,55 (3.2%),1398 (71.3%),0.0,0.5,1,1,1,1,1.00,0.65
4761696,N/A,1751.0,3358.0,3.0,2.5,Townhouse,2 Storey,2025-04-14,3,2.3%,N/A,1750.0,,3.0,0.0,Townhouse,2 Storey,2025-04-29,1 (0.1%),nan (nan%),0.0,2.5,1,1,1,1,1.00,0.99
4762154,N/A,1523.0,,2.0,2.0,Condominium,1 Storey,2025-04-15,1,8.6%,N/A,1463.0,,2.0,2.0,Condominium,,2025-05-13,60 (4.1%),nan (nan%),0.0,0.0,1,1,1,1,nan,0.62
4762154,N/A,1523.0,,2.0,2.0,Condominium,1 Storey,2025-04-15,2,3.6%,N/A,1010.0,,2.0,2.0,Condominium,1 Storey,2025-05-13,513 (50.7%),nan (nan%),0.0,0.0,1,1,1,1,1.00,0.16
4762154,N/A,1523.0,,2.0,2.0,Condominium,1 Storey,2025-04-15,3,2.2%,N/A,1150.0,,2.0,2.0,Condominium,1 Storey,2025-01-27,373 (32.4%),nan (nan%),0.0,0.0,1,1,1,1,1.00,0.21
4762330,N/A,2456.0,5909.436,4.0,2.5,Detached,2 Storey,2025-04-14,1,81.7%,N/A,3236.0,5182.0,5.0,4.0,Detached,2 Storey,2025-02-06,780 (24.1%),727 (14.0%),1.0,1.5,1,1,1,1,1.00,0.11
4762330,N/A,2456.0,5909.436,4.0,2.5,Detached,2 Storey,2025-04-14,2,77.9%,N/A,2323.0,5244.0,4.0,3.0,Detached,2 Storey,2025-01-21,133 (5.7%),665 (12.7%),0.0,0.5,1,1,1,1,1.00,0.43
4762330,N/A,2456.0,5909.436,4.0,2.5,Detached,2 Storey,2025-04-14,3,75.4%,N/A,2242.0,19589.0,4.0,2.5,Detached,2 Storey,2025-04-16,214 (9.5%),13680 (69.8%),0.0,0.0,1,1,1,1,1.00,0.32
4762406,N/A,3332.0,42495.0,5.0,2.5,Detached,1.5 Storey,2025-04-17,1,31.8%,N/A,2440.0,23890.0,3.0,2.5,Detached,1.5 Storey,2025-03-07,892 (36.5%),18605 (77.9%),2.0,0.0,1,1,1,1,1.00,0.10
4762406,N/A,3332.0,42495.0,5.0,2.5,Detached,1.5 Storey,2025-04-17,2,18.6%,N/A,1504.0,49455.0,3.0,2.0,Detached,1 Storey,2024-10-28,1828 (121.5%),6960 (14.1%),2.0,0.5,1,0,0,1,0.40,0.05
4762406,N/A,3332.0,42495.0,5.0,2.5,Detached,1.5 Storey,2025-04-17,3,9.8%,N/A,644.0,30811.0,3.0,1.5,Detached,1.5 Storey,2024-12-11,2688 (416.7%),11684 (37.9%),2.0,1.0,1,1,0,1,0.70,0.04
4761220,N/A,1525.0,2619.0,3.0,3.5,Semi Detached,2 Storey,2025-04-14,1,0.5%,N/A,1598.0,2460.0,3.0,0.0,Semi Detached,2 Storey,2025-03-28,73 (4.6%),159 (6.5%),0.0,3.5,1,1,1,1,1.00,0.58
4761220,N/A,1525.0,2619.0,3.0,3.5,Semi Detached,2 Storey,2025-04-14,2,0.4%,N/A,1775.0,2475.0,4.0,0.0,Semi Detached,2 Storey,2025-03-03,250 (14.1%),144 (5.8%),1.0,3.5,1,1,1,1,1.00,0.29
4761220,N/A,1525.0,2619.0,3.0,3.5,Semi Detached,2 Storey,2025-04-14,3,0.3%,N/A,1300.0,2180.0,3.0,0.0,Townhouse,2 Storey,2025-01-17,225 (17.3%),439 (20.1%),0.0,3.5,0,1,1,1,0.60,0.31
4761433,N/A,2895.0,26700.0,4.0,3.0,Detached,1 Storey,2025-04-15,1,2.9%,N/A,2494.0,11029.0,5.0,4.0,Detached,2 Storey,2025-03-21,401 (16.1%),15671 (142.1%),1.0,1.0,1,0,1,1,0.70,0.20
4761433,N/A,2895.0,26700.0,4.0,3.0,Detached,1 Storey,2025-04-15,2,1.7%,N/A,3277.0,11104.0,5.0,4.0,Detached,2 Storey,2025-04-25,382 (11.7%),15596 (140.4%),1.0,1.0,1,0,1,1,0.70,0.21
4761433,N/A,2895.0,26700.0,4.0,3.0,Detached,1 Storey,2025-04-15,3,1.7%,N/A,2386.0,20648.0,3.0,2.5,Detached,1.5 Storey,2025-04-29,509 (21.3%),6052 (29.3%),1.0,0.5,1,0,1,1,0.70,0.16
4761446,N/A,1678.0,5663.0,3.0,2.0,Detached,Bungalow,2025-04-10,1,23.7%,N/A,1300.0,6600.0,3.0,2.0,Detached,2 Storey,2025-01-15,378 (29.1%),937 (14.2%),0.0,0.0,1,0,1,1,0.70,0.21
4761446,N/A,1678.0,5663.0,3.0,2.0,Detached,Bungalow,2025-04-10,2,22.4%,N/A,1335.0,6600.0,3.0,2.0,Detached,Split Level,2025-02-19,343 (25.7%),937 (14.2%),0.0,0.0,1,0,1,1,0.70,0.23
4761446,N/A,1678.0,5663.0,3.0,2.0,Detached,Bungalow,2025-04-10,3,11.2%,N/A,1300.0,6600.0,3.0,0.0,Detached,Split Level,2025-01-15,378 (29.1%),937 (14.2%),0.0,2.0,1,0,1,1,0.70,0.21
4759647,N/A,2264.0,33943.0,4.0,2.5,Detached,2 Storey,2025-04-10,1,97.2%,N/A,1825.0,53687.0,3.0,2.5,Detached,2 Storey,2025-04-30,439 (24.0%),19744 (36.8%),1.0,0.0,1,1,1,1,1.00,0.19
4759647,N/A,2264.0,33943.0,4.0,2.5,Detached,2 Storey,2025-04-10,2,86.0%,N/A,2160.0,57400.0,4.0,2.5,Detached,2 Storey,2024-11-18,104 (4.8%),23457 (40.9%),0.0,0.0,1,1,0,1,0.70,0.49
4759647,N/A,2264.0,33943.0,4.0,2.5,Detached,2 Storey,2025-04-10,3,82.5%,N/A,1664.0,82700.0,3.0,2.5,Detached,2 Storey,2025-02-14,600 (36.0%),48757 (59.0%),1.0,0.0,1,1,1,1,1.00,0.14
4759723,N/A,2530.0,5987.0,3.0,3.5,Detached,2 Storey,2025-04-09,1,95.5%,N/A,2488.0,5433.78,4.0,3.5,Detached,2 Storey,2025-01-16,42 (1.7%),553 (10.2%),1.0,0.0,1,1,1,1,1.00,0.70
4759723,N/A,2530.0,5987.0,3.0,3.5,Detached,2 Storey,2025-04-09,2,30.8%,N/A,2703.0,4746.0,4.0,4.0,Detached,2 Storey,2025-02-10,173 (6.4%),1241 (26.1%),1.0,0.5,1,1,1,1,1.00,0.37
4759723,N/A,2530.0,5987.0,3.0,3.5,Detached,2 Storey,2025-04-09,3,7.3%,N/A,2067.0,2856.0,3.0,3.0,Detached,2 Storey,2025-02-10,463 (22.4%),3131 (109.6%),0.0,0.5,1,1,1,1,1.00,0.18
4760530,N/A,2149.0,438082.92,4.0,3.5,Detached,Bungalow Raised,2025-04-14,1,9.9%,N/A,2250.0,3072.0,3.0,0.0,Townhouse,3 Storey,2024-12-04,101 (4.5%),435011 (14155.9%),1.0,3.5,0,0,0,1,0.00,0.50
4760530,N/A,2149.0,438082.92,4.0,3.5,Detached,Bungalow Raised,2025-04-14,2,3.4%,N/A,2125.0,,3.0,0.0,Condominium,2 Storey,2024-10-24,24 (1.1%),nan (nan%),1.0,3.5,0,0,0,1,0.00,0.81
4760530,N/A,2149.0,438082.92,4.0,3.5,Detached,Bungalow Raised,2025-04-14,3,3.1%,N/A,2125.0,,3.0,0.0,Condominium,2 Storey,2024-10-18,24 (1.1%),nan (nan%),1.0,3.5,0,0,0,1,0.00,0.81
4760630,N/A,1840.0,1742.0,4.0,1.0,Townhouse,2.5 Storey,2025-04-10,1,98.7%,N/A,2250.0,2014.0,5.0,0.0,Townhouse,2.5 Storey,2025-01-20,410 (18.2%),272 (13.5%),1.0,1.0,1,1,1,1,1.00,0.20
4760630,N/A,1840.0,1742.0,4.0,1.0,Townhouse,2.5 Storey,2025-04-10,2,75.9%,N/A,2000.0,2014.5,5.0,3.0,Townhouse,2.5 Storey,2025-01-20,160 (8.0%),272 (13.5%),1.0,2.0,1,1,1,1,1.00,0.38
4760630,N/A,1840.0,1742.0,4.0,1.0,Townhouse,2.5 Storey,2025-04-10,3,42.1%,N/A,1750.0,,6.0,0.0,Townhouse,2 Storey,2025-04-07,90 (5.1%),nan (nan%),2.0,1.0,1,0,1,1,0.70,0.53
4760651,N/A,1354.0,3250.0,3.0,1.5,Detached,2 Storey,2025-04-15,1,14.0%,N/A,1268.0,9534.0,3.0,2.0,Detached,Split Level,2025-03-03,86 (6.8%),6284 (65.9%),0.0,0.5,1,0,1,1,0.70,0.54
4760651,N/A,1354.0,3250.0,3.0,1.5,Detached,2 Storey,2025-04-15,2,6.7%,N/A,960.0,9000.0,3.0,1.5,Detached,Bungalow,2025-04-14,394 (41.0%),5750 (63.9%),0.0,0.0,1,0,1,1,0.70,0.20
4760651,N/A,1354.0,3250.0,3.0,1.5,Detached,2 Storey,2025-04-15,3,5.4%,N/A,887.0,11400.0,5.0,2.5,Duplex,2 Storey,2025-05-09,467 (52.6%),8150 (71.5%),2.0,1.0,0,1,1,1,0.60,0.18
4760900,N/A,1573.4,4058.028,3.0,2.5,Detached,2 Storey,2025-04-10,1,95.6%,N/A,1731.0,2863.0,3.0,2.5,Detached,2 Storey,2025-02-04,158 (9.1%),1195 (41.7%),0.0,0.0,1,1,1,1,1.00,0.39
4760900,N/A,1573.4,4058.028,3.0,2.5,Detached,2 Storey,2025-04-10,2,83.1%,N/A,1440.0,3056.0,3.0,2.5,Detached,2 Storey,2025-04-16,133 (9.3%),1002 (32.8%),0.0,0.0,1,1,1,1,1.00,0.43
4760900,N/A,1573.4,4058.028,3.0,2.5,Detached,2 Storey,2025-04-10,3,82.8%,N/A,1440.0,2993.0,3.0,2.5,Detached,2 Storey,2025-05-07,133 (9.3%),1065 (35.6%),0.0,0.0,1,1,1,1,1.00,0.43
4742669,N/A,839.592,4639.284,2.0,2.0,Detached,Bungalow,2025-03-24,1,93.0%,N/A,839.0,5392.0,3.0,2.0,Detached,Bungalow,2024-12-26,1 (0.1%),753 (14.0%),1.0,0.0,1,1,1,1,1.00,0.99
4742669,N/A,839.592,4639.284,2.0,2.0,Detached,Bungalow,2025-03-24,2,48.4%,N/A,1078.0,4994.0,5.0,2.0,Detached,Bungalow,2025-02-05,238 (22.1%),355 (7.1%),3.0,0.0,1,1,1,1,1.00,0.30
4742669,N/A,839.592,4639.284,2.0,2.0,Detached,Bungalow,2025-03-24,3,43.0%,N/A,1031.0,5500.0,4.0,2.0,Detached,Bungalow,2025-02-07,191 (18.5%),861 (15.6%),2.0,0.0,1,1,1,1,1.00,0.34
4752865,N/A,2974.0,6512.219999999999,4.0,2.5,Detached,2 Storey,2025-04-07,1,17.5%,N/A,2164.0,4768.5,4.0,2.5,Detached,2 Storey,2025-04-14,810 (37.4%),1744 (36.6%),0.0,0.0,1,1,1,1,1.00,0.11
4752865,N/A,2974.0,6512.219999999999,4.0,2.5,Detached,2 Storey,2025-04-07,2,10.8%,N/A,1913.0,7001.2,3.0,2.5,Detached,2 Storey,2025-03-29,1061 (55.4%),489 (7.0%),1.0,0.0,1,1,1,1,1.00,0.09
4752865,N/A,2974.0,6512.219999999999,4.0,2.5,Detached,2 Storey,2025-04-07,3,8.7%,N/A,2445.0,5601.0,4.0,3.5,Detached,2 Storey,2025-03-31,529 (21.6%),911 (16.3%),0.0,1.0,1,1,1,1,1.00,0.16
4755196,N/A,2956.0,3601.0,4.0,3.5,Detached,2 Storey,2025-04-14,1,90.2%,N/A,2500.0,5285.04,4.0,4.0,Detached,2 Storey,2025-01-24,456 (18.2%),1684 (31.9%),0.0,0.5,1,1,1,1,1.00,0.18
4755196,N/A,2956.0,3601.0,4.0,3.5,Detached,2 Storey,2025-04-14,2,71.3%,N/A,2953.0,,4.0,4.0,Detached,2 Storey,2025-03-08,3 (0.1%),nan (nan%),0.0,0.5,1,1,1,1,1.00,0.97
4755196,N/A,2956.0,3601.0,4.0,3.5,Detached,2 Storey,2025-04-14,3,58.0%,N/A,2826.0,3168.0,4.0,4.0,Detached,2 Storey,2025-02-21,130 (4.6%),433 (13.7%),0.0,0.5,1,1,1,1,1.00,0.43
4756192,N/A,1109.0,,2.0,2.0,High Rise Apartment,1 Storey,2025-04-07,1,0.2%,N/A,1187.0,,2.0,2.0,Condominium,,2025-03-18,78 (6.6%),nan (nan%),0.0,0.0,0,1,1,1,nan,0.56
4756192,N/A,1109.0,,2.0,2.0,High Rise Apartment,1 Storey,2025-04-07,2,0.2%,N/A,1063.0,,1.0,1.0,Condominium,,2025-01-27,46 (4.3%),nan (nan%),1.0,1.0,0,1,1,1,nan,0.68
4756192,N/A,1109.0,,2.0,2.0,High Rise Apartment,1 Storey,2025-04-07,3,0.2%,N/A,1086.0,,2.0,2.0,Condominium,,2025-03-21,23 (2.1%),nan (nan%),0.0,0.0,0,1,1,1,nan,0.81
4756320,N/A,1580.0,3552.12,3.0,2.5,Detached,2 Storey,2025-04-04,1,95.8%,N/A,1378.0,2984.2,3.0,2.5,Detached,2 Storey,2025-04-08,202 (14.6%),568 (19.0%),0.0,0.0,1,1,1,1,1.00,0.33
4756320,N/A,1580.0,3552.12,3.0,2.5,Detached,2 Storey,2025-04-04,2,75.3%,N/A,1441.0,4366.1,3.0,2.5,Detached,,2025-02-07,139 (9.6%),814 (18.6%),0.0,0.0,1,1,1,1,nan,0.42
4756320,N/A,1580.0,3552.12,3.0,2.5,Detached,2 Storey,2025-04-04,3,62.4%,N/A,1377.0,5194.2,3.0,2.5,Detached,2 Storey,2025-04-02,203 (14.7%),1642 (31.6%),0.0,0.0,1,1,1,1,1.00,0.33
4756829,N/A,1587.0,1868.0,3.0,3.5,Townhouse,2 Storey,2025-04-08,1,85.7%,N/A,1895.0,1860.0,3.0,3.0,Townhouse,2 Storey,2025-02-10,308 (16.2%),8 (0.4%),0.0,0.5,1,1,1,1,1.00,0.25
4756829,N/A,1587.0,1868.0,3.0,3.5,Townhouse,2 Storey,2025-04-08,2,29.4%,N/A,2150.0,1656.12,4.0,4.0,Townhouse,2 Storey,2025-02-04,563 (26.2%),212 (12.8%),1.0,0.5,1,1,1,1,1.00,0.15
4756829,N/A,1587.0,1868.0,3.0,3.5,Townhouse,2 Storey,2025-04-08,3,15.8%,N/A,2207.0,1860.0,3.0,4.0,Townhouse,3 Storey,2025-01-20,620 (28.1%),8 (0.4%),0.0,0.5,1,0,1,1,0.70,0.14
4757939,N/A,968.76,6738.263999999999,2.0,2.0,Detached,Bungalow,2025-04-07,1,70.8%,N/A,963.0,3788.0,3.0,1.0,Detached,Bungalow,2025-03-25,6 (0.6%),2950 (77.9%),1.0,1.0,1,1,1,1,1.00,0.95
4757939,N/A,968.76,6738.263999999999,2.0,2.0,Detached,Bungalow,2025-04-07,2,62.3%,N/A,1094.0,6210.0,5.0,2.0,Detached,Bungalow,2025-01-07,125 (11.4%),528 (8.5%),3.0,0.0,1,1,1,1,1.00,0.44
4757939,N/A,968.76,6738.263999999999,2.0,2.0,Detached,Bungalow,2025-04-07,3,30.2%,N/A,762.0,2992.0,2.0,2.0,Detached,Bungalow,2025-04-26,207 (27.1%),3746 (125.2%),0.0,0.0,1,1,1,1,1.00,0.33
4757966,N/A,1039.0,,2.0,2.0,Low Rise Apartment,1 Storey,2025-04-07,1,0.2%,N/A,1039.0,,2.0,2.0,Condominium,,2025-03-05,0 (0.0%),nan (nan%),0.0,0.0,0,1,1,1,nan,1.00
4757966,N/A,1039.0,,2.0,2.0,Low Rise Apartment,1 Storey,2025-04-07,2,0.2%,N/A,1039.0,,2.0,2.0,Condominium,,2025-04-10,0 (0.0%),nan (nan%),0.0,0.0,0,1,1,1,nan,1.00
4757966,N/A,1039.0,,2.0,2.0,Low Rise Apartment,1 Storey,2025-04-07,3,0.2%,N/A,954.0,,2.0,2.0,Condominium,,2025-04-04,85 (8.9%),nan (nan%),0.0,0.0,0,1,1,1,nan,0.54
4758025,N/A,2809.404,8191.404,4.0,3.5,Detached,2 Storey,2025-04-16,1,78.7%,N/A,2464.0,8546.0,3.0,3.5,Detached,Bungalow,2025-01-24,345 (14.0%),355 (4.1%),1.0,0.0,1,0,1,1,0.70,0.22
4758025,N/A,2809.404,8191.404,4.0,3.5,Detached,2 Storey,2025-04-16,2,32.6%,N/A,2378.0,4725.0,4.0,2.5,Detached,2 Storey,2025-04-08,431 (18.1%),3466 (73.3%),0.0,1.0,1,1,1,1,1.00,0.19
4758025,N/A,2809.404,8191.404,4.0,3.5,Detached,2 Storey,2025-04-16,3,19.9%,N/A,2284.0,4337.0,4.0,3.5,Detached,2 Storey,2025-04-08,525 (23.0%),3854 (88.9%),0.0,0.0,1,1,1,1,1.00,0.16
4758316,N/A,789.0,,2.0,2.0,Condominium,1 Storey,2025-04-07,1,83.3%,N/A,881.0,,2.0,2.0,Condominium,,2025-02-13,92 (10.4%),nan (nan%),0.0,0.0,1,1,1,1,nan,0.52
4758316,N/A,789.0,,2.0,2.0,Condominium,1 Storey,2025-04-07,2,78.7%,N/A,881.0,,2.0,2.0,Condominium,,2025-02-07,92 (10.4%),nan (nan%),0.0,0.0,1,1,1,1,nan,0.52
4758316,N/A,789.0,,2.0,2.0,Condominium,1 Storey,2025-04-07,3,58.3%,N/A,873.0,,2.0,2.0,Condominium,,2025-02-02,84 (9.6%),nan (nan%),0.0,0.0,1,1,1,1,nan,0.54
4758324,N/A,1094.0,12600.0,3.0,2.0,Detached,1 Storey,2025-04-09,1,90.6%,N/A,1347.0,21357.0,2.0,2.0,Detached,1 Storey,2025-05-09,253 (18.8%),8757 (41.0%),1.0,0.0,1,1,1,1,1.00,0.28
4758324,N/A,1094.0,12600.0,3.0,2.0,Detached,1 Storey,2025-04-09,2,57.8%,N/A,1260.0,80150.0,3.0,1.5,Detached,1 Storey,2025-01-31,166 (13.2%),67550 (84.3%),0.0,0.5,1,1,1,1,1.00,0.38
4758324,N/A,1094.0,12600.0,3.0,2.0,Detached,1 Storey,2025-04-09,3,56.5%,N/A,1257.0,37535.0,3.0,2.0,Detached,Bungalow,2025-03-25,163 (13.0%),24935 (66.4%),0.0,0.0,1,0,1,1,0.70,0.38
4758529,N/A,1176.0,,2.0,2.0,High Rise Apartment,1 Storey,2025-04-08,1,0.1%,N/A,1193.0,1092.0,3.0,0.0,Townhouse,2 Storey,2025-03-05,17 (1.4%),nan (nan%),1.0,2.0,0,0,1,1,0.30,0.85
4758529,N/A,1176.0,,2.0,2.0,High Rise Apartment,1 Storey,2025-04-08,2,0.1%,N/A,1300.0,,4.0,0.0,Condominium,,2025-01-18,124 (9.5%),nan (nan%),2.0,2.0,0,1,1,1,nan,0.45
4758529,N/A,1176.0,,2.0,2.0,High Rise Apartment,1 Storey,2025-04-08,3,0.1%,N/A,850.0,,2.0,0.0,Condominium,1 Storey,2025-04-22,326 (38.3%),nan (nan%),0.0,2.0,0,1,1,1,0.60,0.23
4758615,N/A,1334.0,3253.0,1.0,3.0,Townhouse,Bungalow,2025-04-08,1,48.1%,N/A,1484.0,2071.0,3.0,3.0,Townhouse,2 Storey,2025-02-18,150 (10.1%),1182 (57.0%),2.0,0.0,1,0,1,1,0.70,0.40
4758615,N/A,1334.0,3253.0,1.0,3.0,Townhouse,Bungalow,2025-04-08,2,8.4%,N/A,1561.0,1900.0,3.0,3.0,Townhouse,2 Storey,2025-02-21,227 (14.5%),1353 (71.2%),2.0,0.0,1,0,1,1,0.70,0.31
4758615,N/A,1334.0,3253.0,1.0,3.0,Townhouse,Bungalow,2025-04-08,3,2.7%,N/A,1700.0,3564.0,4.0,0.0,Detached,2 Storey,2025-03-28,366 (21.5%),311 (8.7%),3.0,3.0,0,0,1,1,0.30,0.21
4758672,N/A,2010.0,33661.0,3.0,2.5,Detached,2 Storey,2025-04-09,1,95.2%,N/A,1200.0,35996.0,3.0,3.0,Detached,Split Level,2024-11-08,810 (67.4%),2335 (6.5%),0.0,0.5,1,0,0,1,0.40,0.11
4758672,N/A,2010.0,33661.0,3.0,2.5,Detached,2 Storey,2025-04-09,2,88.5%,N/A,1693.0,28176.0,5.0,2.5,Detached,2 Storey,2025-01-17,317 (18.7%),5485 (19.5%),2.0,0.0,1,1,1,1,1.00,0.24
4758672,N/A,2010.0,33661.0,3.0,2.5,Detached,2 Storey,2025-04-09,3,83.8%,N/A,1890.0,451282.0,3.0,2.0,Detached,Bungalow,2024-12-30,120 (6.3%),417621 (92.5%),0.0,0.5,1,0,0,1,0.40,0.45
4759024,N/A,2647.944,4929.911999999999,5.0,4.0,Detached,2 Storey,2025-04-07,1,72.2%,N/A,2270.0,4370.0,4.0,4.0,Detached,2 Storey,2025-01-20,378 (16.6%),560 (12.8%),1.0,0.0,1,1,1,1,1.00,0.21
4759024,N/A,2647.944,4929.911999999999,5.0,4.0,Detached,2 Storey,2025-04-07,2,69.1%,N/A,2250.0,6534.0,4.0,3.5,Detached,2 Storey,2025-01-29,398 (17.7%),1604 (24.5%),1.0,0.5,1,1,1,1,1.00,0.20
4759024,N/A,2647.944,4929.911999999999,5.0,4.0,Detached,2 Storey,2025-04-07,3,43.7%,N/A,2338.0,3344.0,4.0,3.0,Detached,2 Storey,2025-03-03,310 (13.3%),1586 (47.4%),1.0,1.0,1,1,1,1,1.00,0.24
4759088,N/A,1400.0,37374.0,3.0,2.0,Detached,Bungalow Raised,2025-04-11,1,97.1%,N/A,1026.0,43560.0,3.0,1.5,Detached,Bungalow,2024-11-01,374 (36.4%),6186 (14.2%),0.0,0.5,1,0,0,1,0.40,0.21
4759088,N/A,1400.0,37374.0,3.0,2.0,Detached,Bungalow Raised,2025-04-11,2,95.6%,N/A,1078.0,32400.0,2.0,1.0,Detached,1.5 Storey,2024-12-27,322 (29.8%),4974 (15.4%),1.0,1.0,1,0,0,1,0.40,0.24
4759088,N/A,1400.0,37374.0,3.0,2.0,Detached,Bungalow Raised,2025-04-11,3,86.7%,N/A,1350.0,30719.0,3.0,1.0,Detached,2 Storey,2024-11-28,50 (3.7%),6655 (21.7%),0.0,1.0,1,0,0,1,0.40,0.67
4759260,N/A,864.0,15936.0,3.0,1.0,Detached,1 Storey,2025-04-09,1,60.7%,N/A,625.0,68900.0,2.0,1.0,Detached,1 Storey,2025-03-21,239 (38.2%),52964 (76.9%),1.0,0.0,1,1,1,1,1.00,0.29
4759260,N/A,864.0,15936.0,3.0,1.0,Detached,1 Storey,2025-04-09,2,43.1%,N/A,1528.0,15900.0,2.0,1.5,Detached,1.5 Storey,2024-11-15,664 (43.4%),36 (0.2%),1.0,0.5,1,0,0,1,0.40,0.13
4759260,N/A,864.0,15936.0,3.0,1.0,Detached,1 Storey,2025-04-09,3,23.4%,N/A,1260.0,80150.0,3.0,1.5,Detached,1 Storey,2025-01-31,396 (31.4%),64214 (80.1%),0.0,0.5,1,1,1,1,1.00,0.20
4759498,N/A,1774.0,3137.0,3.0,3.5,Detached,2 Storey,2025-04-08,1,73.3%,N/A,2176.0,3465.0,4.0,3.0,Detached,2 Storey,2025-02-20,402 (18.5%),328 (9.5%),1.0,0.5,1,1,1,1,1.00,0.20
4759498,N/A,1774.0,3137.0,3.0,3.5,Detached,2 Storey,2025-04-08,2,66.3%,N/A,1572.0,3248.0,3.0,3.0,Detached,2 Storey,2025-03-06,202 (12.8%),111 (3.4%),0.0,0.5,1,1,1,1,1.00,0.33
4759498,N/A,1774.0,3137.0,3.0,3.5,Detached,2 Storey,2025-04-08,3,59.4%,N/A,1901.0,3640.0,3.0,3.0,Detached,2 Storey,2025-03-04,127 (6.7%),503 (13.8%),0.0,0.5,1,1,1,1,1.00,0.44
4759512,N/A,1795.0,6300.0,3.0,1.5,Detached,1.5 Storey,2025-04-09,1,71.7%,N/A,1685.0,4799.0,3.0,1.5,Detached,2 Storey,2025-05-08,110 (6.5%),1501 (31.3%),0.0,0.0,1,0,1,1,0.70,0.48
4759512,N/A,1795.0,6300.0,3.0,1.5,Detached,1.5 Storey,2025-04-09,2,10.4%,N/A,1920.0,5058.0,4.0,3.0,Detached,2 Storey,2025-03-25,125 (6.5%),1242 (24.6%),1.0,1.5,1,0,1,1,0.70,0.44
4759512,N/A,1795.0,6300.0,3.0,1.5,Detached,1.5 Storey,2025-04-09,3,10.0%,N/A,1423.0,5000.0,3.0,1.5,Detached,2 Storey,2025-04-10,372 (26.1%),1300 (26.0%),0.0,0.0,1,0,1,1,0.70,0.21
4759561,N/A,3137.0,14375.0,5.0,4.0,Duplex,2 Storey,2025-04-08,1,37.2%,N/A,1856.0,6500.0,3.0,1.5,Detached,2 Storey,2025-02-19,1281 (69.0%),7875 (121.1%),2.0,2.5,0,1,1,1,0.60,0.07
4759561,N/A,3137.0,14375.0,5.0,4.0,Duplex,2 Storey,2025-04-08,2,17.0%,N/A,600.0,6815.0,1.0,1.0,Detached,1 Storey,2025-01-17,2537 (422.1%),7560 (110.9%),4.0,3.0,0,0,1,1,0.30,0.04
4759561,N/A,3137.0,14375.0,5.0,4.0,Duplex,2 Storey,2025-04-08,3,14.8%,N/A,1853.0,6900.0,4.0,2.0,Detached,2 Storey,2025-04-23,1284 (69.3%),7475 (108.3%),1.0,2.0,0,1,1,1,0.60,0.07
4759562,N/A,1132.0,3500.0,3.0,1.5,Semi Detached,2 Storey,2025-04-08,1,68.5%,N/A,1243.0,3257.0,3.0,1.5,Semi Detached,2 Storey,2025-04-30,111 (8.9%),243 (7.5%),0.0,0.0,1,1,1,1,1.00,0.47
4759562,N/A,1132.0,3500.0,3.0,1.5,Semi Detached,2 Storey,2025-04-08,2,62.8%,N/A,1056.0,6323.0,3.0,2.5,Semi Detached,2 Storey,2025-04-28,76 (7.2%),2823 (44.6%),0.0,1.0,1,1,1,1,1.00,0.57
4759562,N/A,1132.0,3500.0,3.0,1.5,Semi Detached,2 Storey,2025-04-08,3,36.0%,N/A,1376.0,3765.0,4.0,2.5,Semi Detached,3 Storey,2025-04-29,244 (17.7%),265 (7.0%),1.0,1.0,1,0,1,1,0.70,0.29
4759604,N/A,1788.0,14232.0,3.0,1.5,Detached,2 Storey,2025-04-10,1,81.0%,N/A,1475.0,8100.0,3.0,1.5,Detached,2 Storey,2025-02-05,313 (21.2%),6132 (75.7%),0.0,0.0,1,1,1,1,1.00,0.24
4759604,N/A,1788.0,14232.0,3.0,1.5,Detached,2 Storey,2025-04-10,2,76.7%,N/A,1762.0,5733.0,4.0,1.5,Detached,2 Storey,2025-04-02,26 (1.5%),8499 (148.2%),1.0,0.0,1,1,1,1,1.00,0.79
4759604,N/A,1788.0,14232.0,3.0,1.5,Detached,2 Storey,2025-04-10,3,40.5%,N/A,1620.0,5000.0,4.0,2.0,Detached,2 Storey,2025-03-11,168 (10.4%),9232 (184.6%),1.0,0.5,1,1,1,1,1.00,0.37
4759846,N/A,1637.0,6000.0,3.0,1.5,Detached,Split Level,2025-04-14,1,63.6%,N/A,1510.0,5427.0,3.0,2.0,Detached,2 Storey,2025-04-21,127 (8.4%),573 (10.6%),0.0,0.5,1,0,1,1,0.70,0.44
4759846,N/A,1637.0,6000.0,3.0,1.5,Detached,Split Level,2025-04-14,2,41.0%,N/A,1854.0,5968.0,3.0,1.5,Detached,2 Storey,2025-03-28,217 (11.7%),32 (0.5%),0.0,0.0,1,0,1,1,0.70,0.32
4759846,N/A,1637.0,6000.0,3.0,1.5,Detached,Split Level,2025-04-14,3,31.1%,N/A,1269.0,5775.0,5.0,2.0,Detached,Split Level,2025-03-18,368 (29.0%),225 (3.9%),2.0,0.5,1,1,1,1,1.00,0.21
4764028,N/A,1822.0,911.0,3.0,2.5,Townhouse,3+ Storey,2025-04-16,1,2.1%,N/A,1965.0,1219.0,3.0,0.0,Townhouse,3 Storey,2025-02-25,143 (7.3%),308 (25.2%),0.0,2.5,1,0,1,1,0.70,0.41
4764028,N/A,1822.0,911.0,3.0,2.5,Townhouse,3+ Storey,2025-04-16,2,0.9%,N/A,2817.0,1980.0,5.0,3.0,Townhouse,3 Storey,2025-01-25,995 (35.3%),1069 (54.0%),2.0,0.5,1,0,1,1,0.70,0.09
4764028,N/A,1822.0,911.0,3.0,2.5,Townhouse,3+ Storey,2025-04-16,3,0.6%,N/A,2644.0,1980.0,5.0,0.0,Townhouse,3 Storey,2025-01-25,822 (31.1%),1069 (54.0%),2.0,2.5,1,0,1,1,0.70,0.11
4766326,N/A,1109.0,8398.0,3.0,1.0,Detached,Bungalow,2025-04-23,1,75.0%,N/A,1191.0,6600.0,2.0,2.0,Detached,Bungalow,2025-01-31,82 (6.9%),1798 (27.2%),1.0,1.0,1,1,1,1,1.00,0.55
4766326,N/A,1109.0,8398.0,3.0,1.0,Detached,Bungalow,2025-04-23,2,56.4%,N/A,1274.0,6600.0,2.0,0.0,Detached,Bungalow,2025-01-31,165 (12.9%),1798 (27.2%),1.0,1.0,1,1,1,1,1.00,0.38
4766326,N/A,1109.0,8398.0,3.0,1.0,Detached,Bungalow,2025-04-23,3,56.0%,N/A,1175.0,5500.0,3.0,2.0,Detached,Bungalow,2025-02-14,66 (5.6%),2898 (52.7%),0.0,1.0,1,1,1,1,1.00,0.60
4766430,N/A,1386.0,,3.0,1.5,Condominium,2 Storey,2025-04-23,1,61.1%,N/A,1070.0,,2.0,1.5,Condominium,2 Storey,2025-04-16,316 (29.5%),nan (nan%),1.0,0.0,1,1,1,1,1.00,0.24
4766430,N/A,1386.0,,3.0,1.5,Condominium,2 Storey,2025-04-23,2,18.2%,N/A,1386.0,,4.0,2.5,Condominium,2 Storey,2025-03-06,0 (0.0%),nan (nan%),1.0,1.0,1,1,1,1,1.00,1.00
4766430,N/A,1386.0,,3.0,1.5,Condominium,2 Storey,2025-04-23,3,8.6%,N/A,1681.0,,3.0,1.5,Condominium,2 Storey,2025-02-26,295 (17.5%),nan (nan%),0.0,0.0,1,1,1,1,1.00,0.25
4767066,N/A,522.0,,1.0,1.0,High Rise Apartment,1 Storey,2025-04-21,1,0.2%,N/A,524.0,,1.0,1.0,Condominium,,2025-01-24,2 (0.4%),nan (nan%),0.0,0.0,0,1,1,1,nan,0.98
4767066,N/A,522.0,,1.0,1.0,High Rise Apartment,1 Storey,2025-04-21,2,0.2%,N/A,601.0,,1.0,1.0,Condominium,,2025-04-16,79 (13.1%),nan (nan%),0.0,0.0,0,1,1,1,nan,0.56
4767066,N/A,522.0,,1.0,1.0,High Rise Apartment,1 Storey,2025-04-21,3,0.2%,N/A,597.0,,1.0,1.0,Condominium,,2025-02-05,75 (12.5%),nan (nan%),0.0,0.0,0,1,1,1,nan,0.57
4768014,N/A,1607.0,3253.0,3.0,3.5,Detached,2 Storey,2025-04-21,1,74.3%,N/A,1716.0,2346.0,3.0,4.0,Detached,2 Storey,2025-02-12,109 (6.3%),907 (38.6%),0.0,0.5,1,1,1,1,1.00,0.48
4768014,N/A,1607.0,3253.0,3.0,3.5,Detached,2 Storey,2025-04-21,2,48.4%,N/A,1651.0,4264.0,3.0,3.0,Detached,Bungalow,2025-02-05,44 (2.7%),1011 (23.7%),0.0,0.5,1,0,1,1,0.70,0.69
4768014,N/A,1607.0,3253.0,3.0,3.5,Detached,2 Storey,2025-04-21,3,45.7%,N/A,1646.0,2460.0,3.0,3.0,Detached,2 Storey,2025-01-30,39 (2.4%),793 (32.2%),0.0,0.5,1,1,1,1,1.00,0.72
4768037,N/A,2755.0,6452.0,7.0,2.0,Duplex,2 Storey,2025-04-21,1,9.0%,N/A,1300.0,6767.0,3.0,0.0,Detached,1.5 Storey,2025-03-25,1455 (111.8%),315 (4.7%),4.0,2.0,0,0,1,1,0.30,0.06
4768037,N/A,2755.0,6452.0,7.0,2.0,Duplex,2 Storey,2025-04-21,2,5.1%,N/A,3250.0,6534.0,6.0,0.0,Detached,2 Storey,2025-02-14,495 (15.2%),82 (1.3%),1.0,2.0,0,1,1,1,0.60,0.17
4768037,N/A,2755.0,6452.0,7.0,2.0,Duplex,2 Storey,2025-04-21,3,2.4%,N/A,1672.0,25675.0,3.0,0.0,Townhouse,2 Storey,2025-01-29,1083 (64.7%),19223 (74.9%),4.0,2.0,0,1,1,1,0.60,0.08
4763606,N/A,1634.0,,4.0,2.5,Townhouse,2 Storey,2025-04-17,1,41.1%,N/A,1450.0,2750.0,3.0,2.0,Townhouse,2 Storey,2025-03-07,184 (12.7%),nan (nan%),1.0,0.5,1,1,1,1,1.00,0.35
4763606,N/A,1634.0,,4.0,2.5,Townhouse,2 Storey,2025-04-17,2,2.0%,N/A,1500.0,,4.0,3.5,Townhouse,3 Storey,2025-04-14,134 (8.9%),nan (nan%),0.0,1.0,1,0,1,1,0.70,0.43
4763606,N/A,1634.0,,4.0,2.5,Townhouse,2 Storey,2025-04-17,3,1.7%,N/A,1200.0,,3.0,1.5,Townhouse,2 Storey,2025-02-14,434 (36.1%),nan (nan%),1.0,1.0,1,1,1,1,1.00,0.19
4763898,N/A,1170.0,7541.0,2.0,1.5,Detached,1.5 Storey,2025-04-23,1,94.4%,N/A,1215.0,10030.0,3.0,1.0,Detached,Bungalow,2025-01-31,45 (3.7%),2489 (24.8%),1.0,0.5,1,0,1,1,0.70,0.69
4763898,N/A,1170.0,7541.0,2.0,1.5,Detached,1.5 Storey,2025-04-23,2,50.1%,N/A,1288.0,10930.0,3.0,2.0,Detached,2 Storey,2025-04-15,118 (9.2%),3389 (31.0%),1.0,0.5,1,0,1,1,0.70,0.46
4763898,N/A,1170.0,7541.0,2.0,1.5,Detached,1.5 Storey,2025-04-23,3,41.3%,N/A,1225.0,7936.0,3.0,1.0,Detached,1 Storey,2025-04-15,55 (4.5%),395 (5.0%),1.0,0.5,1,0,1,1,0.70,0.65
4765154,N/A,1840.0,7007.0,4.0,2.5,Detached,Split Level,2025-04-22,1,63.1%,N/A,1750.0,4888.0,3.0,2.0,Detached,Split Level,2025-03-05,90 (5.1%),2119 (43.3%),1.0,0.5,1,1,1,1,1.00,0.53
4765154,N/A,1840.0,7007.0,4.0,2.5,Detached,Split Level,2025-04-22,2,8.1%,N/A,1721.0,5929.0,5.0,1.5,Detached,Split Level,2025-01-31,119 (6.9%),1078 (18.2%),1.0,1.0,1,1,1,1,1.00,0.46
4765154,N/A,1840.0,7007.0,4.0,2.5,Detached,Split Level,2025-04-22,3,3.2%,N/A,1900.0,5900.0,5.0,0.0,Detached,2 Storey,2025-03-25,60 (3.2%),1107 (18.8%),1.0,2.5,1,0,1,1,0.70,0.62
4765502,N/A,1845.0,10570.0,4.0,1.5,Detached,1.5 Storey,2025-04-22,1,78.3%,N/A,1379.0,5076.0,3.0,2.0,Detached,Bungalow,2024-12-14,466 (33.8%),5494 (108.2%),1.0,0.5,1,0,0,1,0.40,0.18
4765502,N/A,1845.0,10570.0,4.0,1.5,Detached,1.5 Storey,2025-04-22,2,6.8%,N/A,1325.0,,3.0,0.0,Detached,Split Level,2025-01-14,520 (39.2%),nan (nan%),1.0,1.5,1,0,0,1,0.40,0.16
4765502,N/A,1845.0,10570.0,4.0,1.5,Detached,1.5 Storey,2025-04-22,3,0.9%,N/A,1288.0,3256.0,3.0,0.0,Detached,Split Level,2025-03-31,557 (43.2%),7314 (224.6%),1.0,1.5,1,0,1,1,0.70,0.15
4765899,N/A,1488.0,3685.0,3.0,3.5,Detached,2 Storey,2025-04-16,1,95.1%,N/A,1807.0,4200.0,3.0,3.0,Detached,2 Storey,2025-02-24,319 (17.6%),515 (12.3%),0.0,0.5,1,1,1,1,1.00,0.24
4765899,N/A,1488.0,3685.0,3.0,3.5,Detached,2 Storey,2025-04-16,2,32.7%,N/A,1300.0,5550.0,2.0,3.0,Detached,Bungalow Raised,2025-02-20,188 (14.5%),1865 (33.6%),1.0,0.5,1,0,1,1,0.70,0.35
4765899,N/A,1488.0,3685.0,3.0,3.5,Detached,2 Storey,2025-04-16,3,13.7%,N/A,1439.0,3434.0,3.0,3.0,Detached,2 Storey,2025-02-07,49 (3.4%),251 (7.3%),0.0,0.5,1,1,1,1,1.00,0.67
4765948,N/A,2131.0,6864.0,3.0,3.5,Triplex,2 Storey,2025-04-24,1,8.3%,N/A,2750.0,6344.0,4.0,0.0,Detached,2 Storey,2025-03-11,619 (22.5%),520 (8.2%),1.0,3.5,0,1,1,1,0.60,0.14
4765948,N/A,2131.0,6864.0,3.0,3.5,Triplex,2 Storey,2025-04-24,2,0.7%,N/A,2777.0,13680.0,3.0,3.0,Detached,2 Storey,2025-03-05,646 (23.3%),6816 (49.8%),0.0,0.5,0,1,1,1,0.60,0.13
4765948,N/A,2131.0,6864.0,3.0,3.5,Triplex,2 Storey,2025-04-24,3,0.7%,N/A,2750.0,122.0,4.0,4.0,Detached,2 Storey,2025-03-11,619 (22.5%),6742 (5481.3%),1.0,0.5,0,1,1,1,0.60,0.14
4768126,N/A,1504.0,2899.0,3.0,2.5,Townhouse,2 Storey,2025-04-23,1,6.2%,N/A,,2772.0,3.0,0.0,Detached,2 Storey,2025-03-21,nan (nan%),127 (4.6%),0.0,2.5,0,1,1,1,0.60,nan
4768126,N/A,1504.0,2899.0,3.0,2.5,Townhouse,2 Storey,2025-04-23,2,4.8%,N/A,1696.0,1960.0,3.0,3.0,Townhouse,2 Storey,2025-02-10,192 (11.3%),939 (47.9%),0.0,0.5,1,1,1,1,1.00,0.34
4768126,N/A,1504.0,2899.0,3.0,2.5,Townhouse,2 Storey,2025-04-23,3,3.1%,N/A,2139.0,2646.0,5.0,0.0,Townhouse,2 Storey,2025-02-27,635 (29.7%),253 (9.6%),2.0,2.5,1,1,1,1,1.00,0.14
4768528,N/A,1643.0,2780.0,4.0,2.5,Townhouse,2 Storey,2025-04-24,1,80.3%,N/A,1750.0,1960.0,3.0,3.0,Townhouse,2 Storey,2025-01-31,107 (6.1%),820 (41.8%),1.0,0.5,1,1,1,1,1.00,0.48
4768528,N/A,1643.0,2780.0,4.0,2.5,Townhouse,2 Storey,2025-04-24,2,53.3%,N/A,1656.0,2420.0,3.0,3.0,Townhouse,2 Storey,2025-02-09,13 (0.8%),360 (14.9%),1.0,0.5,1,1,1,1,1.00,0.88
4768528,N/A,1643.0,2780.0,4.0,2.5,Townhouse,2 Storey,2025-04-24,3,44.6%,N/A,1750.0,114.0,3.0,3.0,Townhouse,2 Storey,2025-03-11,107 (6.1%),2666 (2318.3%),1.0,0.5,1,1,1,1,1.00,0.48
4769110,N/A,1236.0,,3.0,2.0,Condominium,2 Storey,2025-04-29,1,96.1%,N/A,1135.0,,3.0,2.0,Condominium,2 Storey,2025-03-07,101 (8.9%),nan (nan%),0.0,0.0,1,1,1,1,1.00,0.50
4769110,N/A,1236.0,,3.0,2.0,Condominium,2 Storey,2025-04-29,2,94.9%,N/A,1500.0,,4.0,2.0,Condominium,2 Storey,2025-04-15,264 (17.6%),nan (nan%),1.0,0.0,1,1,1,1,1.00,0.27
4769110,N/A,1236.0,,3.0,2.0,Condominium,2 Storey,2025-04-29,3,82.7%,N/A,1260.0,,2.0,1.0,Condominium,2 Storey,2025-01-30,24 (1.9%),nan (nan%),1.0,1.0,1,1,1,1,1.00,0.81
4769269,N/A,1700.0,53143.2,2.0,2.0,Detached,Bungalow,2025-04-23,1,76.5%,N/A,1550.0,,3.0,2.0,Detached,Bungalow,2025-04-24,150 (9.7%),nan (nan%),1.0,0.0,1,1,1,1,1.00,0.40
4769269,N/A,1700.0,53143.2,2.0,2.0,Detached,Bungalow,2025-04-23,2,15.6%,N/A,1448.0,,5.0,2.5,Detached,Bungalow,2024-11-06,252 (17.4%),nan (nan%),3.0,0.5,1,1,0,1,0.70,0.28
4769269,N/A,1700.0,53143.2,2.0,2.0,Detached,Bungalow,2025-04-23,3,13.9%,N/A,1744.0,,3.0,3.0,Detached,2 Storey,2024-11-30,44 (2.5%),nan (nan%),1.0,1.0,1,0,0,1,0.40,0.69
4770115,N/A,1992.0,7059.0,3.0,3.0,Detached,Bungalow,2025-04-30,1,87.8%,N/A,2142.0,3300.0,4.0,4.0,Detached,2 Storey,2025-01-27,150 (7.0%),3759 (113.9%),1.0,1.0,1,0,0,1,0.40,0.40
4770115,N/A,1992.0,7059.0,3.0,3.0,Detached,Bungalow,2025-04-30,2,79.9%,N/A,1975.0,3100.0,3.0,3.0,Detached,2 Storey,2025-01-21,17 (0.9%),3959 (127.7%),0.0,0.0,1,0,0,1,0.40,0.85
4770115,N/A,1992.0,7059.0,3.0,3.0,Detached,Bungalow,2025-04-30,3,74.1%,N/A,1750.0,386097.0,3.0,3.0,Detached,Bungalow,2025-03-07,242 (13.8%),379038 (98.2%),0.0,0.0,1,1,1,1,1.00,0.29
4770310,N/A,2242.0,6480.0,3.0,2.5,Detached,2 Storey,2025-04-30,1,91.8%,N/A,1395.0,7200.0,2.0,2.0,Detached,2 Storey,2025-01-28,847 (60.7%),720 (10.0%),1.0,0.5,1,1,0,1,0.70,0.11
4770310,N/A,2242.0,6480.0,3.0,2.5,Detached,2 Storey,2025-04-30,2,44.4%,N/A,2140.0,3245.0,5.0,3.0,Detached,2 Storey,2025-02-14,102 (4.8%),3235 (99.7%),2.0,0.5,1,1,1,1,1.00,0.50
4770310,N/A,2242.0,6480.0,3.0,2.5,Detached,2 Storey,2025-04-30,3,34.0%,N/A,1250.0,6632.93,3.0,2.0,Detached,2 Storey,2025-01-10,992 (79.3%),153 (2.3%),0.0,0.5,1,1,0,1,0.70,0.09
4771097,N/A,758.0,,2.0,1.0,Condominium,1 Storey,2025-04-25,1,8.3%,N/A,700.0,6000.0,2.0,1.0,Detached,Bungalow,2025-01-07,58 (8.3%),nan (nan%),0.0,0.0,0,0,0,1,0.00,0.63
4771097,N/A,758.0,,2.0,1.0,Condominium,1 Storey,2025-04-25,2,3.9%,N/A,900.0,6000.0,2.0,0.0,Detached,Bungalow,2025-01-07,142 (15.8%),nan (nan%),0.0,1.0,0,0,0,1,0.00,0.41
4771097,N/A,758.0,,2.0,1.0,Condominium,1 Storey,2025-04-25,3,3.5%,N/A,950.0,,2.0,2.0,Condominium,,2025-01-07,192 (20.2%),nan (nan%),0.0,1.0,1,1,0,1,nan,0.34
4771029,N/A,2231.68,4477.824,5.0,3.0,Detached,2 Storey,2025-04-28,1,42.1%,N/A,1923.0,4036.0,5.0,4.5,Detached,2 Storey,2025-03-11,309 (16.0%),442 (10.9%),0.0,1.5,1,1,1,1,1.00,0.24
4771029,N/A,2231.68,4477.824,5.0,3.0,Detached,2 Storey,2025-04-28,2,9.5%,N/A,2207.0,588.0,6.0,3.5,Detached,2 Storey,2025-04-29,25 (1.1%),3890 (660.4%),1.0,0.5,1,1,1,1,1.00,0.80
4771029,N/A,2231.68,4477.824,5.0,3.0,Detached,2 Storey,2025-04-28,3,8.5%,N/A,1796.0,506.0,4.0,3.0,Detached,Split Level,2025-02-07,436 (24.2%),3972 (783.4%),1.0,0.0,1,0,1,1,0.70,0.19
4771641,N/A,2115.0,2744.8199999999997,4.0,3.5,Detached,3 Storey,2025-04-28,1,61.4%,N/A,2236.0,3369.0,5.0,3.5,Detached,2 Storey,2025-02-23,121 (5.4%),624 (18.5%),1.0,0.0,1,0,1,1,0.70,0.45
4771641,N/A,2115.0,2744.8199999999997,4.0,3.5,Detached,3 Storey,2025-04-28,2,31.7%,N/A,1880.0,3368.0,3.0,2.5,Detached,2 Storey,2025-02-28,235 (12.5%),623 (18.5%),1.0,1.0,1,0,1,1,0.70,0.30
4771641,N/A,2115.0,2744.8199999999997,4.0,3.5,Detached,3 Storey,2025-04-28,3,28.0%,N/A,1879.0,4186.0,3.0,2.5,Detached,2 Storey,2025-03-02,236 (12.6%),1441 (34.4%),1.0,1.0,1,0,1,1,0.70,0.30
4772017,N/A,1149.0,3573.6479999999997,3.0,2.0,Detached,Bi-Level,2025-04-30,1,75.6%,N/A,1189.0,3326.0,5.0,3.0,Detached,Bi-Level,2025-04-25,40 (3.4%),248 (7.4%),2.0,1.0,1,1,1,1,1.00,0.71
4772017,N/A,1149.0,3573.6479999999997,3.0,2.0,Detached,Bi-Level,2025-04-30,2,70.4%,N/A,1105.0,4391.0,4.0,2.0,Detached,Bungalow,2025-01-30,44 (4.0%),817 (18.6%),1.0,0.0,1,0,1,1,0.70,0.69
4772017,N/A,1149.0,3573.6479999999997,3.0,2.0,Detached,Bi-Level,2025-04-30,3,35.6%,N/A,1132.0,2992.0,3.0,1.5,Detached,2 Storey,2025-03-02,17 (1.5%),582 (19.4%),0.0,0.5,1,0,1,1,0.70,0.85
4772152,N/A,1372.0,4101.084,3.0,1.5,Detached,2 Storey,2025-04-25,1,96.5%,N/A,1130.0,3466.0,3.0,1.5,Detached,2 Storey,2025-03-08,242 (21.4%),635 (18.3%),0.0,0.0,1,1,1,1,1.00,0.29
4772152,N/A,1372.0,4101.084,3.0,1.5,Detached,2 Storey,2025-04-25,2,89.5%,N/A,1531.0,4337.0,3.0,2.5,Detached,2 Storey,2025-04-15,159 (10.4%),236 (5.4%),0.0,1.0,1,1,1,1,1.00,0.39
4772152,N/A,1372.0,4101.084,3.0,1.5,Detached,2 Storey,2025-04-25,3,73.5%,N/A,1418.0,5435.0,3.0,2.0,Detached,Bungalow,2025-04-09,46 (3.2%),1334 (24.5%),0.0,0.5,1,0,1,1,0.70,0.68
4775892,N/A,1178.0,,3.0,1.5,Townhouse,2 Storey,2025-04-30,1,0.3%,N/A,1300.0,,4.0,0.0,Semi Detached,2 Storey,2025-04-27,122 (9.4%),nan (nan%),1.0,1.5,0,1,1,1,0.60,0.45
4775892,N/A,1178.0,,3.0,1.5,Townhouse,2 Storey,2025-04-30,2,0.3%,N/A,1300.0,,4.0,0.0,Semi Detached,2 Storey,2025-05-03,122 (9.4%),nan (nan%),1.0,1.5,0,1,1,1,0.60,0.45
4775892,N/A,1178.0,,3.0,1.5,Townhouse,2 Storey,2025-04-30,3,0.3%,N/A,1300.0,2449.0,4.0,0.0,Detached,2 Storey,2025-02-28,122 (9.4%),nan (nan%),1.0,1.5,0,1,1,1,0.60,0.45
4776066,N/A,2203.0,3702.816,3.0,2.5,Detached,2 Storey,2025-04-30,1,98.3%,N/A,2123.0,3756.0,3.0,2.5,Detached,2 Storey,2025-02-27,80 (3.8%),53 (1.4%),0.0,0.0,1,1,1,1,1.00,0.56
4776066,N/A,2203.0,3702.816,3.0,2.5,Detached,2 Storey,2025-04-30,2,96.3%,N/A,1989.0,4165.0,3.0,2.5,Detached,2 Storey,2025-02-24,214 (10.8%),462 (11.1%),0.0,0.0,1,1,1,1,1.00,0.32
4776066,N/A,2203.0,3702.816,3.0,2.5,Detached,2 Storey,2025-04-30,3,95.2%,N/A,2505.0,4693.0,4.0,2.5,Detached,2 Storey,2025-02-07,302 (12.1%),990 (21.1%),1.0,0.0,1,1,1,1,1.00,0.25
4773295,N/A,1675.0,21780.0,2.0,1.5,Detached,1 Storey,2025-05-02,1,83.3%,N/A,1032.0,23408.0,3.0,1.0,Detached,Bungalow,2025-02-27,643 (62.2%),1628 (7.0%),1.0,0.5,1,0,1,1,0.70,0.13
4773295,N/A,1675.0,21780.0,2.0,1.5,Detached,1 Storey,2025-05-02,2,10.3%,N/A,1018.0,,3.0,1.0,Detached,Bungalow,2025-01-29,657 (64.5%),nan (nan%),1.0,0.5,1,0,0,1,0.40,0.13
4773295,N/A,1675.0,21780.0,2.0,1.5,Detached,1 Storey,2025-05-02,3,8.7%,N/A,2075.0,93432.0,4.0,1.0,Detached,2 Storey,2024-12-18,400 (19.3%),71652 (76.7%),2.0,0.5,1,0,0,1,0.40,0.20
4775247,N/A,1952.0,10021.284,3.0,2.5,Detached,2 Storey,2025-04-30,1,96.8%,N/A,2058.0,11325.0,3.0,2.5,Detached,2 Storey,2025-02-15,106 (5.1%),1304 (11.5%),0.0,0.0,1,1,1,1,1.00,0.49
4775247,N/A,1952.0,10021.284,3.0,2.5,Detached,2 Storey,2025-04-30,2,65.0%,N/A,1561.0,10890.0,3.0,2.5,Detached,2 Storey,2025-04-07,391 (25.0%),869 (8.0%),0.0,0.0,1,1,1,1,1.00,0.20
4775247,N/A,1952.0,10021.284,3.0,2.5,Detached,2 Storey,2025-04-30,3,62.7%,N/A,2129.0,5248.0,4.0,2.5,Detached,2 Storey,2025-04-02,177 (8.3%),4773 (90.9%),1.0,0.0,1,1,1,1,1.00,0.36
4773534,N/A,2773.0,217800.0,4.0,2.5,Detached,Split Level,2025-05-02,1,17.6%,N/A,2217.0,27756.0,3.0,2.0,Detached,1.5 Storey,2024-11-14,556 (25.1%),190044 (684.7%),1.0,0.5,1,0,0,1,0.40,0.15
4773534,N/A,2773.0,217800.0,4.0,2.5,Detached,Split Level,2025-05-02,2,4.6%,N/A,4302.0,370798.0,5.0,3.5,Detached,2 Storey,2024-11-28,1529 (35.5%),152998 (41.3%),1.0,1.0,1,0,0,1,0.40,0.06
4773534,N/A,2773.0,217800.0,4.0,2.5,Detached,Split Level,2025-05-02,3,3.8%,N/A,2800.0,,6.0,3.0,Detached,Split Level,2025-04-11,27 (1.0%),nan (nan%),2.0,0.5,1,1,1,1,1.00,0.79
4773833,N/A,2304.0,23046.0,4.0,2.0,Detached,2 Storey,2025-04-30,1,1.6%,N/A,1197.0,4998.0,5.0,2.0,Detached,Bungalow Raised,2024-11-03,1107 (92.4%),18048 (361.0%),1.0,0.0,1,0,0,1,0.40,0.08
4773833,N/A,2304.0,23046.0,4.0,2.0,Detached,2 Storey,2025-04-30,2,1.3%,N/A,2300.0,8763.0,4.0,0.0,Detached,Bungalow,2024-11-01,4 (0.2%),14283 (163.0%),0.0,2.0,1,0,0,1,0.40,0.96
4773833,N/A,2304.0,23046.0,4.0,2.0,Detached,2 Storey,2025-04-30,3,1.0%,N/A,1410.0,5292.0,4.0,0.0,Detached,Bungalow,2024-11-18,894 (63.4%),17754 (335.4%),0.0,2.0,1,0,0,1,0.40,0.10
4776648,N/A,1050.0,10014.0,4.0,2.0,Detached,1 Storey,2025-05-01,1,74.8%,N/A,1145.0,7590.0,3.0,2.0,Detached,Bungalow,2025-02-14,95 (8.3%),2424 (31.9%),1.0,0.0,1,0,1,1,0.70,0.51
4776648,N/A,1050.0,10014.0,4.0,2.0,Detached,1 Storey,2025-05-01,2,37.7%,N/A,1500.0,6000.0,2.0,2.0,Detached,Bungalow Raised,2025-02-04,450 (30.0%),4014 (66.9%),2.0,0.0,1,0,1,1,0.70,0.18
4776648,N/A,1050.0,10014.0,4.0,2.0,Detached,1 Storey,2025-05-01,3,33.9%,N/A,900.0,7590.0,2.0,2.0,Detached,Bungalow Raised,2025-03-05,150 (16.6%),2424 (31.9%),2.0,0.0,1,0,1,1,0.70,0.40
4777578,N/A,2061.0,9450.792,3.0,3.5,Detached,2 Storey,2025-05-01,1,96.0%,N/A,2342.0,7840.0,3.0,2.5,Detached,2 Storey,2025-03-28,281 (12.0%),1611 (20.5%),0.0,1.0,1,1,1,1,1.00,0.26
4777578,N/A,2061.0,9450.792,3.0,3.5,Detached,2 Storey,2025-05-01,2,85.6%,N/A,2392.0,9147.0,3.0,2.5,Detached,2 Storey,2025-02-11,331 (13.8%),304 (3.3%),0.0,1.0,1,1,1,1,1.00,0.23
4777578,N/A,2061.0,9450.792,3.0,3.5,Detached,2 Storey,2025-05-01,3,74.7%,N/A,1725.0,6969.0,3.0,2.5,Detached,2 Storey,2025-03-22,336 (19.5%),2482 (35.6%),0.0,1.0,1,1,1,1,1.00,0.23
4776534,N/A,3543.1,7524.035999999999,3.0,3.5,Detached,2 Storey,2025-05-02,1,21.4%,N/A,2314.0,8083.0,4.0,4.5,Detached,Bungalow,2025-04-28,1229 (53.1%),559 (6.9%),1.0,1.0,1,0,1,1,0.70,0.08
4776534,N/A,3543.1,7524.035999999999,3.0,3.5,Detached,2 Storey,2025-05-02,2,16.6%,N/A,3550.0,10225.0,3.0,3.0,Detached,2 Storey,2025-05-05,7 (0.2%),2701 (26.4%),0.0,0.5,1,1,1,1,1.00,0.94
4776534,N/A,3543.1,7524.035999999999,3.0,3.5,Detached,2 Storey,2025-05-02,3,9.6%,N/A,2681.0,57113.0,5.0,3.5,Detached,2 Storey,2025-05-03,862 (32.1%),49589 (86.8%),2.0,0.0,1,1,1,1,1.00,0.10
4776574,N/A,2352.0,4768.0,3.0,3.5,Detached,2 Storey,2025-05-02,1,76.2%,N/A,2123.0,4012.0,3.0,2.5,Detached,2 Storey,2025-04-12,229 (10.8%),756 (18.8%),0.0,1.0,1,1,1,1,1.00,0.30
4776574,N/A,2352.0,4768.0,3.0,3.5,Detached,2 Storey,2025-05-02,2,61.1%,N/A,2075.0,4876.0,3.0,2.5,Detached,2 Storey,2025-04-03,277 (13.3%),108 (2.2%),0.0,1.0,1,1,1,1,1.00,0.27
4776574,N/A,2352.0,4768.0,3.0,3.5,Detached,2 Storey,2025-05-02,3,45.6%,N/A,2344.0,5360.0,4.0,3.5,Detached,2 Storey,2025-02-14,8 (0.3%),592 (11.0%),1.0,0.0,1,1,1,1,1.00,0.93
4777828,N/A,2385.0,4919.0,,,,2 Storey,2025-05-01,1,85.8%,N/A,2403.0,4551.0,4.0,0.0,Detached,2 Storey,2025-02-07,18 (0.7%),368 (8.1%),,,1,1,1,1,nan,0.85
4777828,N/A,2385.0,4919.0,,,,2 Storey,2025-05-01,2,66.6%,N/A,2221.0,4600.0,4.0,0.0,Detached,2 Storey,2024-12-07,164 (7.4%),319 (6.9%),,,1,1,0,1,nan,0.38
4777828,N/A,2385.0,4919.0,,,,2 Storey,2025-05-01,3,49.4%,N/A,1832.0,4560.0,3.0,0.0,Detached,2 Storey,2024-12-27,553 (30.2%),359 (7.9%),,,1,1,0,1,nan,0.15
4778535,N/A,2002.104,6243.12,8.0,4.0,Fourplex,Bi-Level,2025-05-06,1,31.9%,N/A,2006.0,5974.0,3.0,3.5,Semi Detached,2 Storey,2025-02-28,4 (0.2%),269 (4.5%),5.0,0.5,0,0,1,1,0.30,0.96
4778535,N/A,2002.104,6243.12,8.0,4.0,Fourplex,Bi-Level,2025-05-06,2,27.6%,N/A,2475.0,6587.0,4.0,3.0,Detached,2 Storey,2025-05-06,473 (19.1%),344 (5.2%),4.0,1.0,0,0,1,1,0.30,0.17
4778535,N/A,2002.104,6243.12,8.0,4.0,Fourplex,Bi-Level,2025-05-06,3,4.1%,N/A,987.0,6501.0,3.0,2.0,Detached,Bi-Level,2025-03-07,1015 (102.7%),258 (4.0%),5.0,2.0,0,1,1,1,0.60,0.09
4778557,N/A,1290.0,5791.0,2.0,3.0,Detached,Bungalow,2025-05-06,1,12.8%,N/A,1431.0,5597.0,4.0,3.0,Detached,Bi-Level,2025-04-17,141 (9.8%),194 (3.5%),2.0,0.0,1,0,1,1,0.70,0.41
4778557,N/A,1290.0,5791.0,2.0,3.0,Detached,Bungalow,2025-05-06,2,10.5%,N/A,2879.0,5920.0,,3.5,Detached,2 Storey,2025-03-12,1589 (55.2%),129 (2.2%),,0.5,1,0,1,1,0.70,0.06
4778557,N/A,1290.0,5791.0,2.0,3.0,Detached,Bungalow,2025-05-06,3,10.4%,N/A,2075.0,6103.0,4.0,3.5,Detached,2 Storey,2025-03-28,785 (37.8%),312 (5.1%),2.0,0.5,1,0,1,1,0.70,0.11
4779669,N/A,1451.0,3625.0,3.0,1.5,Detached,2 Storey,2025-05-06,1,10.9%,N/A,1113.0,,3.0,1.5,Detached,2 Storey,2025-03-24,338 (30.3%),nan (nan%),0.0,0.0,1,1,1,1,1.00,0.23
4779669,N/A,1451.0,3625.0,3.0,1.5,Detached,2 Storey,2025-05-06,2,9.8%,N/A,1081.0,,3.0,1.5,Detached,2 Storey,2025-04-25,370 (34.2%),nan (nan%),0.0,0.0,1,1,1,1,1.00,0.21
4779669,N/A,1451.0,3625.0,3.0,1.5,Detached,2 Storey,2025-05-06,3,9.5%,N/A,1107.0,,3.0,1.5,Detached,2 Storey,2025-04-11,344 (31.0%),nan (nan%),0.0,0.0,1,1,1,1,1.00,0.23
4778791,N/A,678.0,,2.0,2.0,Condominium,1 Storey,2025-05-05,1,3.3%,N/A,550.0,,1.0,2.0,Condominium,2 Storey,2025-02-12,128 (23.2%),nan (nan%),1.0,0.0,1,0,1,1,0.70,0.44
4778791,N/A,678.0,,2.0,2.0,Condominium,1 Storey,2025-05-05,2,0.3%,N/A,850.0,,2.0,1.0,Condominium,,2025-03-05,172 (20.2%),nan (nan%),0.0,1.0,1,1,1,1,nan,0.37
4778791,N/A,678.0,,2.0,2.0,Condominium,1 Storey,2025-05-05,3,0.2%,N/A,950.0,,2.0,1.0,Condominium,,2025-02-07,272 (28.6%),nan (nan%),0.0,1.0,1,1,1,1,nan,0.27
4778794,N/A,665.0,,2.0,2.0,Condominium,1 Storey,2025-05-05,1,4.7%,N/A,550.0,,1.0,2.0,Condominium,2 Storey,2025-02-12,115 (20.9%),nan (nan%),1.0,0.0,1,0,1,1,0.70,0.47
4778794,N/A,665.0,,2.0,2.0,Condominium,1 Storey,2025-05-05,2,0.3%,N/A,550.0,,1.0,0.0,Condominium,2 Storey,2025-02-12,115 (20.9%),nan (nan%),1.0,2.0,1,0,1,1,0.70,0.47
4778794,N/A,665.0,,2.0,2.0,Condominium,1 Storey,2025-05-05,3,0.2%,N/A,950.0,,2.0,1.0,Condominium,,2025-02-07,285 (30.0%),nan (nan%),0.0,1.0,1,1,1,1,nan,0.26
4778797,N/A,584.0,,1.0,1.0,Condominium,1 Storey,2025-05-05,1,8.1%,N/A,550.0,,1.0,2.0,Condominium,2 Storey,2025-02-12,34 (6.2%),nan (nan%),0.0,1.0,1,0,1,1,0.70,0.75
4778797,N/A,584.0,,1.0,1.0,Condominium,1 Storey,2025-05-05,2,8.1%,N/A,550.0,,1.0,0.0,Condominium,2 Storey,2025-02-12,34 (6.2%),nan (nan%),0.0,1.0,1,0,1,1,0.70,0.75
4778797,N/A,584.0,,1.0,1.0,Condominium,1 Storey,2025-05-05,3,0.6%,N/A,850.0,,2.0,1.0,Condominium,,2025-03-05,266 (31.3%),nan (nan%),1.0,0.0,1,1,1,1,nan,0.27
4778326,N/A,1746.79,8169.875999999999,3.0,2.5,Detached,Split Level,2025-05-05,1,45.4%,N/A,1747.0,8169.0,4.0,2.5,Detached,Split Level,2025-04-25,0 (0.0%),1 (0.0%),1.0,0.0,1,1,1,1,1.00,1.00
4778326,N/A,1746.79,8169.875999999999,3.0,2.5,Detached,Split Level,2025-05-05,2,28.9%,N/A,1301.0,4068.0,2.0,2.5,Detached,2 Storey,2025-02-27,446 (34.2%),4102 (100.8%),1.0,0.0,1,0,1,1,0.70,0.18
4778326,N/A,1746.79,8169.875999999999,3.0,2.5,Detached,Split Level,2025-05-05,3,16.6%,N/A,2521.0,7588.0,6.0,3.5,Detached,2 Storey,2025-04-11,774 (30.7%),582 (7.7%),3.0,1.0,1,0,1,1,0.70,0.11
4758996,N/A,1144.0,5823.324,3.0,1.5,Detached,Split Level,2025-04-09,1,63.9%,N/A,1148.0,4413.0,3.0,1.5,Detached,Bungalow,2025-03-19,4 (0.3%),1410 (32.0%),0.0,0.0,1,0,1,1,0.70,0.96
4758996,N/A,1144.0,5823.324,3.0,1.5,Detached,Split Level,2025-04-09,2,42.8%,N/A,991.0,4437.0,3.0,2.0,Detached,Bi-Level,2025-05-08,153 (15.4%),1386 (31.2%),0.0,0.5,1,0,1,1,0.70,0.40
4758996,N/A,1144.0,5823.324,3.0,1.5,Detached,Split Level,2025-04-09,3,18.0%,N/A,1148.0,4133.0,3.0,2.0,Detached,Bungalow,2025-02-08,4 (0.3%),1690 (40.9%),0.0,0.5,1,0,1,1,0.70,0.96
4775785,N/A,2138.0,435600.0,5.0,2.0,Detached,2 Storey,2025-04-30,1,64.0%,N/A,1750.0,70400.0,3.0,2.0,Detached,2 Storey,2025-02-21,388 (22.2%),365200 (518.7%),2.0,0.0,1,1,1,1,1.00,0.20
4775785,N/A,2138.0,435600.0,5.0,2.0,Detached,2 Storey,2025-04-30,2,48.5%,N/A,1500.0,38750.0,3.0,2.0,Detached,2 Storey,2025-01-03,638 (42.5%),396850 (1024.1%),2.0,0.0,1,1,0,1,0.70,0.14
4775785,N/A,2138.0,435600.0,5.0,2.0,Detached,2 Storey,2025-04-30,3,38.7%,N/A,2523.0,212592.0,3.0,3.0,Detached,Bungalow,2024-11-01,385 (15.3%),223008 (104.9%),2.0,1.0,1,0,0,1,0.40,0.21
4775292,N/A,2250.0,435600.0,5.0,3.0,Detached,Bungalow,2025-05-02,1,97.9%,N/A,1704.0,452800.0,3.0,2.5,Detached,2 Storey,2024-11-26,546 (32.0%),17200 (3.8%),2.0,0.5,1,0,0,1,0.40,0.15
4775292,N/A,2250.0,435600.0,5.0,3.0,Detached,Bungalow,2025-05-02,2,84.1%,N/A,1863.0,582008.0,3.0,2.0,Detached,Bungalow,2024-11-24,387 (20.8%),146408 (25.2%),2.0,1.0,1,1,0,1,0.70,0.21
4775292,N/A,2250.0,435600.0,5.0,3.0,Detached,Bungalow,2025-05-02,3,42.6%,N/A,2057.0,,3.0,2.0,Detached,Bungalow,2025-04-03,193 (9.4%),nan (nan%),2.0,1.0,1,1,1,1,1.00,0.34
4723364,N/A,1254.0,609840.0,3.0,1.5,Detached,2 Storey,2025-02-13,1,56.5%,N/A,1300.0,3636.0,3.0,2.0,Detached,2 Storey,2025-02-07,46 (3.5%),606204 (16667.7%),0.0,0.5,1,1,1,1,1.00,0.68
4723364,N/A,1254.0,609840.0,3.0,1.5,Detached,2 Storey,2025-02-13,2,19.9%,N/A,1210.0,101.0,2.0,2.0,Detached,Bungalow,2025-03-07,44 (3.6%),609739 (597783.3%),1.0,0.5,1,0,1,1,0.70,0.69
4723364,N/A,1254.0,609840.0,3.0,1.5,Detached,2 Storey,2025-02-13,3,19.0%,N/A,1697.0,22200.0,3.0,1.0,Detached,Bungalow,2024-10-24,443 (26.1%),587640 (2646.9%),0.0,0.5,1,0,0,1,0.40,0.18
